2025-03-17 18:26:30,814 INFO Starting trading pipeline...
2025-03-17 18:26:30,815 INFO Fetching data for ['AAPL'] from 2022-01-01 to 2022-12-31...
2025-03-17 18:26:31,077 INFO Data loaded successfully from Yahoo Finance for ['AAPL'] from 2022-01-01 to 2022-12-31
2025-03-17 18:26:31,078 INFO           Date       Close        High         Low        Open     Volume
0   2022-01-03  178.879913  179.734962  174.653874  174.771805  104487900
1   2022-01-04  176.609634  179.793920  176.039607  179.489254   99310400
2   2022-01-05  171.911865  177.071580  171.636682  176.521213   94537600
3   2022-01-06  169.042084  172.285336  168.688274  169.730043   96904000
4   2022-01-07  169.209122  171.145244  168.088727  169.916741   86709100
..         ...         ...         ...         ...         ...        ...
246 2022-12-23  130.344498  130.898059  128.150012  129.415299   63814900
247 2022-12-27  128.535522  129.899667  127.240581  129.870013   69007800
248 2022-12-28  124.591385  129.524031  124.423341  128.179661   85438400
249 2022-12-29  128.120361  128.980357  126.261971  126.518978   75703700
250 2022-12-30  128.436646  128.456420  125.965387  126.934126   77034200

[251 rows x 6 columns]
2025-03-17 18:26:31,086 INFO No missing values found.
2025-03-17 18:26:31,087 INFO No duplicate rows found.
2025-03-17 18:26:31,089 INFO Data types:
Date      datetime64[ns]
Close            float64
High             float64
Low              float64
Open             float64
Volume             int64
dtype: object
2025-03-17 18:26:31,102 INFO Data statistical summary:
                                Date       Close        High         Low        Open        Volume
count                            251  251.000000  251.000000  251.000000  251.000000  2.510000e+02
mean   2022-07-02 15:23:39.920318720  152.607555  154.650546  150.494617  152.575786  8.791038e+07
min              2022-01-03 00:00:00  124.591385  128.456420  124.423341  126.518978  3.519590e+07
25%              2022-04-02 12:00:00  142.799408  144.964489  140.376131  142.454336  7.229740e+07
50%              2022-07-05 00:00:00  151.855789  153.570551  149.737003  151.776974  8.373720e+07
75%              2022-10-01 12:00:00  163.372047  165.754616  161.384472  163.704360  9.693705e+07
max              2022-12-30 00:00:00  178.879913  179.793920  176.039607  179.489254  1.826020e+08
std                              NaN   12.697923   12.575341   12.753980   12.705787  2.365699e+07
2025-03-17 18:26:31,106 WARNING Outliers found:
Date       0
Close      0
High       0
Low        0
Open       0
Volume    14
dtype: int64
2025-03-17 18:26:31,107 INFO Calculating technical indicators...
2025-03-17 18:26:31,110 INFO Relative Strength Index (window=14) calculated successfully as RSI.
2025-03-17 18:26:31,112 INFO MACD (slow=26, fast=12, sign=9) calculated successfully.
2025-03-17 18:26:31,115 INFO Average True Range (window=14) calculated successfully.
2025-03-17 18:26:31,117 INFO Bollinger Bands (window=20, std_dev=2) calculated successfully.
2025-03-17 18:26:31,118 INFO Moving Average (window=20) calculated successfully.
2025-03-17 18:26:31,121 INFO Exponential Moving Average (window=20) calculated successfully.
2025-03-17 18:26:31,123 INFO Generating rule-based signals...
2025-03-17 18:26:31,125 INFO Rule-based signals generated successfully.
2025-03-17 18:26:31,125 INFO Columns after signal generation: ['Date', 'Close', 'High', 'Low', 'Open', 'Volume', 'RSI', 'MACD', 'MACD_Signal', 'MACD_Hist', 'ATR', 'BB_High', 'BB_Low', 'BB_Mid', 'MA_20', 'EMA_20', 'Rule_Signal', 'Signal']
2025-03-17 18:26:31,126 INFO Applying feature engineering (creating lagged features)...
2025-03-17 18:26:31,128 INFO Higher Highs and Lower Lows identified successfully.
2025-03-17 18:26:31,130 INFO Double Top pattern identified successfully.
2025-03-17 18:26:31,132 INFO Head and Shoulders pattern identified successfully.
2025-03-17 18:26:31,134 INFO Triple Bottom pattern identified successfully.
2025-03-17 18:26:31,137 INFO Cup and Handle pattern identified successfully.
2025-03-17 18:26:31,138 INFO Bullish Engulfing pattern identified successfully.
2025-03-17 18:26:31,140 INFO Bearish Engulfing pattern identified successfully.
2025-03-17 18:26:31,142 INFO Morning Star pattern identified successfully.
2025-03-17 18:26:31,143 INFO Evening Star pattern identified successfully.
2025-03-17 18:26:31,145 INFO Hammer pattern identified successfully.
2025-03-17 18:26:31,146 INFO Shooting Star pattern identified successfully.
2025-03-17 18:26:31,149 INFO RSI Divergence identified successfully.
2025-03-17 18:26:31,151 INFO Bollinger Band Squeeze identified successfully.
2025-03-17 18:26:31,153 INFO Moving Average Crossover identified successfully.
2025-03-17 18:26:31,159 INFO ADX Trend Strength identified successfully.
2025-03-17 18:26:31,161 INFO Stochastic Oscillator identified successfully.
2025-03-17 18:26:31,163 INFO Pennant pattern identified successfully.
2025-03-17 18:26:31,165 INFO Flag pattern identified successfully.
2025-03-17 18:26:31,167 INFO Wedge pattern identified successfully.
2025-03-17 18:26:31,169 INFO Triangle pattern identified successfully.
2025-03-17 18:26:31,169 INFO Patterns added successfully.
2025-03-17 18:26:31,171 INFO Moving Average (window=20) calculated successfully.
2025-03-17 18:26:31,172 INFO Exponential Moving Average (window=20) calculated successfully.
2025-03-17 18:26:31,175 INFO Relative Strength Index (window=14) calculated successfully as RSI.
2025-03-17 18:26:31,177 INFO Bollinger Bands (window=20, std_dev=2) calculated successfully.
2025-03-17 18:26:31,178 INFO MACD (slow=26, fast=12, sign=9) calculated successfully.
2025-03-17 18:26:31,182 INFO Average True Range (window=14) calculated successfully.
2025-03-17 18:26:31,184 INFO Stochastic Oscillator (window=14, smooth_window=3) calculated successfully.
2025-03-17 18:26:31,188 INFO Commodity Channel Index (window=20) calculated successfully.
2025-03-17 18:26:31,191 INFO Ichimoku Cloud (window1=9, window2=26, window3=52) calculated successfully.
2025-03-17 18:26:31,193 INFO Aroon Indicator (window=25) calculated successfully.
2025-03-17 18:26:31,218 INFO Parabolic SAR (acceleration=0.02, maximum=0.2) calculated successfully.
2025-03-17 18:26:31,220 INFO Volume Weighted Average Price (window=14) calculated successfully.
2025-03-17 18:26:31,221 INFO On-Balance Volume calculated successfully.
2025-03-17 18:26:31,226 INFO Money Flow Index (window=14) calculated successfully.
2025-03-17 18:26:31,228 INFO Chaikin Money Flow (window=20) calculated successfully.
2025-03-17 18:26:31,229 INFO Ease of Movement (window=14) calculated successfully.
2025-03-17 18:26:31,231 INFO Accumulation/Distribution Index calculated successfully.
2025-03-17 18:26:31,234 INFO Ultimate Oscillator (short_window=7, long_window=14) calculated successfully.
2025-03-17 18:26:31,235 INFO Indicators added successfully.
2025-03-17 18:26:31,238 INFO Missing values handled successfully.
2025-03-17 18:26:31,252 INFO Lagged features created successfully.
2025-03-17 18:26:31,263 INFO Data normalised successfully.
2025-03-17 18:26:31,267 INFO Feature engineering completed successfully.
2025-03-17 18:26:31,268 INFO Training model on engineered data...
2025-03-17 18:26:31,378 INFO Model trained successfully with accuracy: 1.00
2025-03-17 18:26:31,391 INFO Model signals applied successfully.
2025-03-17 18:26:31,393 INFO Consensus signal generated successfully.
2025-03-17 18:26:31,411 INFO Backtesting completed successfully.
2025-03-17 18:26:31,414 INFO Rule-Based Signal Accuracy: 1.00
2025-03-17 18:26:31,415 INFO Model-Based Signal Accuracy: 1.00
2025-03-17 18:26:31,417 INFO Rule-based accuracy: 1.00, Model accuracy: 1.00
2025-03-17 18:27:00,587 INFO Buy/Sell signals plotted for ['AAPL']
2025-03-17 18:27:01,948 INFO Backtesting balance plotted for ['AAPL']
2025-03-17 18:27:01,954 INFO Running forecasting model (LSTM)...
2025-03-17 18:27:03,254 INFO LSTM Epoch 0/50, Loss: 0.34857144951820374
2025-03-17 18:27:03,273 INFO LSTM Epoch 10/50, Loss: 0.2949315011501312
2025-03-17 18:27:03,293 INFO LSTM Epoch 20/50, Loss: 0.2431769073009491
2025-03-17 18:27:03,309 INFO LSTM Epoch 30/50, Loss: 0.19256669282913208
2025-03-17 18:27:03,329 INFO LSTM Epoch 40/50, Loss: 0.1450962871313095
2025-03-17 18:27:03,347 INFO LSTM forecasting completed successfully.
2025-03-17 18:27:03,348 INFO Running forecasting model (GRU)...
2025-03-17 18:27:03,356 INFO GRU Epoch 0/50, Loss: 0.378265917301178
2025-03-17 18:27:03,371 INFO GRU Epoch 10/50, Loss: 0.29879334568977356
2025-03-17 18:27:03,390 INFO GRU Epoch 20/50, Loss: 0.22862479090690613
2025-03-17 18:27:03,407 INFO GRU Epoch 30/50, Loss: 0.1672983467578888
2025-03-17 18:27:03,425 INFO GRU Epoch 40/50, Loss: 0.11743009835481644
2025-03-17 18:27:03,440 INFO GRU forecasting completed successfully.
2025-03-17 18:27:03,441 INFO Running forecasting model (ARIMA)...
2025-03-17 18:27:03,535 INFO ARIMA model trained successfully.
2025-03-17 18:27:03,543 INFO ARIMA forecasting completed successfully.
2025-03-17 18:27:03,544 INFO Running forecasting model (HoltWinters)...
2025-03-17 18:27:03,632 INFO Holt–Winters model trained successfully.
2025-03-17 18:27:03,637 INFO HoltWinters forecasting completed successfully.
2025-03-17 18:27:03,638 INFO Running forecasting model (LinearRegression)...
2025-03-17 18:27:03,642 INFO Linear Regression model trained successfully.
2025-03-17 18:27:03,645 INFO LinearRegression forecasting completed successfully.
2025-03-17 18:27:03,646 ERROR Error in risk management: 'volume'
2025-03-17 18:27:03,648 INFO Resistance levels (window=20) calculated successfully.
2025-03-17 18:27:03,651 INFO Support levels (window=20) calculated successfully.
2025-03-17 18:27:03,653 INFO Volatility (window=20) calculated successfully.
2025-03-17 18:27:03,655 INFO Volume moving average (window=20) calculated successfully.
2025-03-17 18:27:03,657 WARNING Data for AAPL is missing. Skipping.
2025-03-17 18:27:03,658 WARNING Data for AAPL is missing. Skipping.
2025-03-17 18:27:03,659 INFO Stock screening results: {'short_term': {}, 'long_term': {}}
2025-03-17 18:27:03,660 INFO Generating trade execution report...
2025-03-17 18:27:26,990 INFO Forecasts plotted for AAPL
2025-03-17 18:27:26,992 INFO Report saved at: reports\report_2025-03-17_18-27-03.xlsx
2025-03-17 18:27:26,995 INFO Trading pipeline completed successfully!
2025-03-17 23:27:41,735 INFO Starting trading pipeline...
2025-03-17 23:27:41,755 INFO Fetching data for ['AAPL'] from 2022-01-01 to 2022-12-31...
2025-03-17 23:27:42,332 INFO Data loaded successfully from Yahoo Finance for ['AAPL'] from 2022-01-01 to 2022-12-31
2025-03-17 23:27:42,334 INFO           Date       Close        High         Low        Open     Volume
0   2022-01-03  178.879913  179.734962  174.653874  174.771805  104487900
1   2022-01-04  176.609665  179.793951  176.039637  179.489285   99310400
2   2022-01-05  171.911850  177.071564  171.636666  176.521197   94537600
3   2022-01-06  169.042068  172.285320  168.688259  169.730027   96904000
4   2022-01-07  169.209137  171.145259  168.088742  169.916756   86709100
..         ...         ...         ...         ...         ...        ...
246 2022-12-23  130.344482  130.898044  128.149997  129.415284   63814900
247 2022-12-27  128.535538  129.899682  127.240596  129.870028   69007800
248 2022-12-28  124.591377  129.524023  124.423333  128.179654   85438400
249 2022-12-29  128.120346  128.980342  126.261956  126.518963   75703700
250 2022-12-30  128.436661  128.456435  125.965402  126.934142   77034200

[251 rows x 6 columns]
2025-03-17 23:27:42,351 INFO No missing values found.
2025-03-17 23:27:42,361 INFO No duplicate rows found.
2025-03-17 23:27:42,364 INFO Data types:
Date      datetime64[ns]
Close            float64
High             float64
Low              float64
Open             float64
Volume             int64
dtype: object
2025-03-17 23:27:42,384 INFO Data statistical summary:
                                Date       Close        High         Low        Open        Volume
count                            251  251.000000  251.000000  251.000000  251.000000  2.510000e+02
mean   2022-07-02 15:23:39.920318720  152.607556  154.650547  150.494617  152.575787  8.791038e+07
min              2022-01-03 00:00:00  124.591377  128.456435  124.423333  126.518963  3.519590e+07
25%              2022-04-02 12:00:00  142.799408  144.964513  140.376131  142.454344  7.229740e+07
50%              2022-07-05 00:00:00  151.855804  153.570582  149.736958  151.776943  8.373720e+07
75%              2022-10-01 12:00:00  163.372025  165.754616  161.384472  163.704360  9.693705e+07
max              2022-12-30 00:00:00  178.879913  179.793951  176.039637  179.489285  1.826020e+08
std                              NaN   12.697922   12.575340   12.753979   12.705786  2.365699e+07
2025-03-17 23:27:42,390 WARNING Outliers found:
Date       0
Close      0
High       0
Low        0
Open       0
Volume    14
dtype: int64
2025-03-17 23:27:42,392 INFO Calculating technical indicators...
2025-03-17 23:27:42,397 INFO Relative Strength Index (window=14) calculated successfully as RSI.
2025-03-17 23:27:42,399 INFO MACD (slow=26, fast=12, sign=9) calculated successfully.
2025-03-17 23:27:42,405 INFO Average True Range (window=14) calculated successfully.
2025-03-17 23:27:42,408 INFO Bollinger Bands (window=20, std_dev=2) calculated successfully.
2025-03-17 23:27:42,410 INFO Moving Average (window=20) calculated successfully.
2025-03-17 23:27:42,413 INFO Exponential Moving Average (window=20) calculated successfully.
2025-03-17 23:27:42,416 INFO Generating rule-based signals...
2025-03-17 23:27:42,419 INFO Rule-based signals generated successfully.
2025-03-17 23:27:42,421 INFO Columns after signal generation: ['Date', 'Close', 'High', 'Low', 'Open', 'Volume', 'RSI', 'MACD', 'MACD_Signal', 'MACD_Hist', 'ATR', 'BB_High', 'BB_Low', 'BB_Mid', 'MA_20', 'EMA_20', 'Rule_Signal', 'Signal']
2025-03-17 23:27:42,426 INFO Applying feature engineering (creating lagged features)...
2025-03-17 23:27:42,430 INFO Higher Highs and Lower Lows identified successfully.
2025-03-17 23:27:42,434 INFO Double Top pattern identified successfully.
2025-03-17 23:27:42,437 INFO Head and Shoulders pattern identified successfully.
2025-03-17 23:27:42,440 INFO Triple Bottom pattern identified successfully.
2025-03-17 23:27:42,443 INFO Cup and Handle pattern identified successfully.
2025-03-17 23:27:42,446 INFO Bullish Engulfing pattern identified successfully.
2025-03-17 23:27:42,449 INFO Bearish Engulfing pattern identified successfully.
2025-03-17 23:27:42,452 INFO Morning Star pattern identified successfully.
2025-03-17 23:27:42,456 INFO Evening Star pattern identified successfully.
2025-03-17 23:27:42,459 INFO Hammer pattern identified successfully.
2025-03-17 23:27:42,461 INFO Shooting Star pattern identified successfully.
2025-03-17 23:27:42,465 INFO RSI Divergence identified successfully.
2025-03-17 23:27:42,469 INFO Bollinger Band Squeeze identified successfully.
2025-03-17 23:27:42,472 INFO Moving Average Crossover identified successfully.
2025-03-17 23:27:42,480 INFO ADX Trend Strength identified successfully.
2025-03-17 23:27:42,484 INFO Stochastic Oscillator identified successfully.
2025-03-17 23:27:42,486 INFO Pennant pattern identified successfully.
2025-03-17 23:27:42,491 INFO Flag pattern identified successfully.
2025-03-17 23:27:42,494 INFO Wedge pattern identified successfully.
2025-03-17 23:27:42,497 INFO Triangle pattern identified successfully.
2025-03-17 23:27:42,499 INFO Patterns added successfully.
2025-03-17 23:27:42,502 INFO Moving Average (window=20) calculated successfully.
2025-03-17 23:27:42,504 INFO Exponential Moving Average (window=20) calculated successfully.
2025-03-17 23:27:42,507 INFO Relative Strength Index (window=14) calculated successfully as RSI.
2025-03-17 23:27:42,512 INFO Bollinger Bands (window=20, std_dev=2) calculated successfully.
2025-03-17 23:27:42,514 INFO MACD (slow=26, fast=12, sign=9) calculated successfully.
2025-03-17 23:27:42,519 INFO Average True Range (window=14) calculated successfully.
2025-03-17 23:27:42,523 INFO Stochastic Oscillator (window=14, smooth_window=3) calculated successfully.
2025-03-17 23:27:42,529 INFO Commodity Channel Index (window=20) calculated successfully.
2025-03-17 23:27:42,536 INFO Ichimoku Cloud (window1=9, window2=26, window3=52) calculated successfully.
2025-03-17 23:27:42,543 INFO Aroon Indicator (window=25) calculated successfully.
2025-03-17 23:27:42,570 INFO Parabolic SAR (acceleration=0.02, maximum=0.2) calculated successfully.
2025-03-17 23:27:42,574 INFO Volume Weighted Average Price (window=14) calculated successfully.
2025-03-17 23:27:42,577 INFO On-Balance Volume calculated successfully.
2025-03-17 23:27:42,586 INFO Money Flow Index (window=14) calculated successfully.
2025-03-17 23:27:42,590 INFO Chaikin Money Flow (window=20) calculated successfully.
2025-03-17 23:27:42,593 INFO Ease of Movement (window=14) calculated successfully.
2025-03-17 23:27:42,596 INFO Accumulation/Distribution Index calculated successfully.
2025-03-17 23:27:42,600 INFO Ultimate Oscillator (short_window=7, long_window=14) calculated successfully.
2025-03-17 23:27:42,602 INFO Indicators added successfully.
2025-03-17 23:27:42,608 INFO Missing values handled successfully.
2025-03-17 23:27:42,625 INFO Lagged features created successfully.
2025-03-17 23:27:42,635 INFO Data normalised successfully.
2025-03-17 23:27:42,642 INFO Feature engineering completed successfully.
2025-03-17 23:27:42,645 INFO Training model on engineered data...
2025-03-17 23:27:42,754 INFO Model trained successfully with accuracy: 1.00
2025-03-17 23:27:42,767 INFO Model signals applied successfully.
2025-03-17 23:27:42,770 INFO Consensus signal generated successfully.
2025-03-17 23:27:42,788 INFO Backtesting completed successfully.
2025-03-17 23:27:42,792 INFO Rule-Based Signal Accuracy: 1.00
2025-03-17 23:27:42,793 INFO Model-Based Signal Accuracy: 1.00
2025-03-17 23:27:42,798 INFO Rule-based accuracy: 1.00, Model accuracy: 1.00
2025-03-17 23:27:46,082 INFO Buy/Sell signals plotted for ['AAPL']
2025-03-17 23:27:51,876 INFO Backtesting balance plotted for ['AAPL']
2025-03-17 23:27:51,897 INFO Running forecasting model (LSTM)...
2025-03-17 23:27:53,744 INFO LSTM Epoch 0/50, Loss: 0.26752156019210815
2025-03-17 23:27:53,781 INFO LSTM Epoch 10/50, Loss: 0.22386324405670166
2025-03-17 23:27:53,805 INFO LSTM Epoch 20/50, Loss: 0.18388789892196655
2025-03-17 23:27:53,827 INFO LSTM Epoch 30/50, Loss: 0.146798774600029
2025-03-17 23:27:53,846 INFO LSTM Epoch 40/50, Loss: 0.11353332549333572
2025-03-17 23:27:53,870 INFO LSTM forecasting completed successfully.
2025-03-17 23:27:53,876 INFO Running forecasting model (GRU)...
2025-03-17 23:27:53,887 INFO GRU Epoch 0/50, Loss: 0.3178248107433319
2025-03-17 23:27:53,908 INFO GRU Epoch 10/50, Loss: 0.23983938992023468
2025-03-17 23:27:53,933 INFO GRU Epoch 20/50, Loss: 0.17452841997146606
2025-03-17 23:27:53,959 INFO GRU Epoch 30/50, Loss: 0.12273438274860382
2025-03-17 23:27:53,980 INFO GRU Epoch 40/50, Loss: 0.08661547303199768
2025-03-17 23:27:54,000 INFO GRU forecasting completed successfully.
2025-03-17 23:27:54,003 INFO Running forecasting model (ARIMA)...
2025-03-17 23:27:54,189 INFO ARIMA model trained successfully.
2025-03-17 23:27:54,197 INFO ARIMA forecasting completed successfully.
2025-03-17 23:27:54,201 INFO Running forecasting model (HoltWinters)...
2025-03-17 23:27:54,280 INFO Holt–Winters model trained successfully.
2025-03-17 23:27:54,286 INFO HoltWinters forecasting completed successfully.
2025-03-17 23:27:54,289 INFO Running forecasting model (LinearRegression)...
2025-03-17 23:27:54,294 INFO Linear Regression model trained successfully.
2025-03-17 23:27:54,297 INFO LinearRegression forecasting completed successfully.
2025-03-17 23:27:54,299 ERROR Error in risk management: 'volume'
2025-03-17 23:27:54,304 INFO Resistance levels (window=20) calculated successfully.
2025-03-17 23:27:54,309 INFO Support levels (window=20) calculated successfully.
2025-03-17 23:27:54,317 INFO Volatility (window=20) calculated successfully.
2025-03-17 23:27:54,322 INFO Volume moving average (window=20) calculated successfully.
2025-03-17 23:27:54,325 WARNING Data for AAPL is missing. Skipping.
2025-03-17 23:27:54,328 WARNING Data for AAPL is missing. Skipping.
2025-03-17 23:27:54,332 INFO Stock screening results: {'short_term': {}, 'long_term': {}}
2025-03-17 23:27:54,341 INFO Generating trade execution report...
2025-03-17 23:28:20,576 INFO Forecasts plotted for AAPL
2025-03-17 23:28:20,580 INFO Report saved at: reports\report_2025-03-17_23-27-54.xlsx
2025-03-17 23:28:20,586 INFO Trading pipeline completed successfully!
2025-03-18 13:37:04,641 INFO Starting trading pipeline...
2025-03-18 13:37:04,657 INFO Fetching data for ['AAPL'] from 2022-01-01 to 2022-12-31...
2025-03-18 13:37:07,967 INFO Data loaded successfully from Yahoo Finance for ['AAPL'] from 2022-01-01 to 2022-12-31
2025-03-18 13:37:07,982 INFO           Date       Close        High         Low        Open     Volume
0   2022-01-03  178.879883  179.734931  174.653844  174.771775  104487900
1   2022-01-04  176.609619  179.793905  176.039592  179.489238   99310400
2   2022-01-05  171.911850  177.071564  171.636666  176.521197   94537600
3   2022-01-06  169.042053  172.285305  168.688244  169.730012   96904000
4   2022-01-07  169.209152  171.145275  168.088758  169.916771   86709100
..         ...         ...         ...         ...         ...        ...
246 2022-12-23  130.344482  130.898044  128.149997  129.415284   63814900
247 2022-12-27  128.535522  129.899667  127.240581  129.870013   69007800
248 2022-12-28  124.591385  129.524031  124.423341  128.179661   85438400
249 2022-12-29  128.120346  128.980342  126.261956  126.518963   75703700
250 2022-12-30  128.436646  128.456420  125.965387  126.934126   77034200

[251 rows x 6 columns]
2025-03-18 13:37:08,015 INFO No missing values found.
2025-03-18 13:37:08,021 INFO No duplicate rows found.
2025-03-18 13:37:08,023 INFO Data types:
Date      datetime64[ns]
Close            float64
High             float64
Low              float64
Open             float64
Volume             int64
dtype: object
2025-03-18 13:37:08,052 INFO Data statistical summary:
                                Date       Close        High         Low        Open        Volume
count                            251  251.000000  251.000000  251.000000  251.000000  2.510000e+02
mean   2022-07-02 15:23:39.920318720  152.607554  154.650545  150.494616  152.575785  8.791038e+07
min              2022-01-03 00:00:00  124.591385  128.456420  124.423341  126.518963  3.519590e+07
25%              2022-04-02 12:00:00  142.799393  144.964520  140.376146  142.454344  7.229740e+07
50%              2022-07-05 00:00:00  151.855804  153.570582  149.736973  151.776959  8.373720e+07
75%              2022-10-01 12:00:00  163.372040  165.754608  161.384472  163.704375  9.693705e+07
max              2022-12-30 00:00:00  178.879883  179.793905  176.039592  179.489238  1.826020e+08
std                              NaN   12.697922   12.575340   12.753979   12.705786  2.365699e+07
2025-03-18 13:37:08,057 WARNING Outliers found:
Date       0
Close      0
High       0
Low        0
Open       0
Volume    14
dtype: int64
2025-03-18 13:37:08,057 INFO Calculating technical indicators...
2025-03-18 13:37:08,064 INFO Relative Strength Index (window=14) calculated successfully as RSI.
2025-03-18 13:37:08,073 INFO MACD (slow=26, fast=12, sign=9) calculated successfully.
2025-03-18 13:37:08,078 INFO Average True Range (window=14) calculated successfully.
2025-03-18 13:37:08,086 INFO Bollinger Bands (window=20, std_dev=2) calculated successfully.
2025-03-18 13:37:08,086 INFO Moving Average (window=20) calculated successfully.
2025-03-18 13:37:08,091 INFO Exponential Moving Average (window=20) calculated successfully.
2025-03-18 13:37:08,091 INFO Generating rule-based signals...
2025-03-18 13:37:08,099 INFO Rule-based signals generated successfully.
2025-03-18 13:37:08,102 INFO Columns after signal generation: ['Date', 'Close', 'High', 'Low', 'Open', 'Volume', 'RSI', 'MACD', 'MACD_Signal', 'MACD_Hist', 'ATR', 'BB_High', 'BB_Low', 'BB_Mid', 'MA_20', 'EMA_20', 'Rule_Signal', 'Signal']
2025-03-18 13:37:08,102 INFO Applying feature engineering (creating lagged features)...
2025-03-18 13:37:08,107 INFO Higher Highs and Lower Lows identified successfully.
2025-03-18 13:37:08,112 INFO Double Top pattern identified successfully.
2025-03-18 13:37:08,115 INFO Head and Shoulders pattern identified successfully.
2025-03-18 13:37:08,118 INFO Triple Bottom pattern identified successfully.
2025-03-18 13:37:08,120 INFO Cup and Handle pattern identified successfully.
2025-03-18 13:37:08,126 INFO Bullish Engulfing pattern identified successfully.
2025-03-18 13:37:08,129 INFO Bearish Engulfing pattern identified successfully.
2025-03-18 13:37:08,134 INFO Morning Star pattern identified successfully.
2025-03-18 13:37:08,136 INFO Evening Star pattern identified successfully.
2025-03-18 13:37:08,140 INFO Hammer pattern identified successfully.
2025-03-18 13:37:08,142 INFO Shooting Star pattern identified successfully.
2025-03-18 13:37:08,147 INFO RSI Divergence identified successfully.
2025-03-18 13:37:08,150 INFO Bollinger Band Squeeze identified successfully.
2025-03-18 13:37:08,150 INFO Moving Average Crossover identified successfully.
2025-03-18 13:37:08,167 INFO ADX Trend Strength identified successfully.
2025-03-18 13:37:08,167 INFO Stochastic Oscillator identified successfully.
2025-03-18 13:37:08,167 INFO Pennant pattern identified successfully.
2025-03-18 13:37:08,182 INFO Flag pattern identified successfully.
2025-03-18 13:37:08,184 INFO Wedge pattern identified successfully.
2025-03-18 13:37:08,184 INFO Triangle pattern identified successfully.
2025-03-18 13:37:08,184 INFO Patterns added successfully.
2025-03-18 13:37:08,194 INFO Moving Average (window=20) calculated successfully.
2025-03-18 13:37:08,197 INFO Exponential Moving Average (window=20) calculated successfully.
2025-03-18 13:37:08,197 INFO Relative Strength Index (window=14) calculated successfully as RSI.
2025-03-18 13:37:08,197 INFO Bollinger Bands (window=20, std_dev=2) calculated successfully.
2025-03-18 13:37:08,210 INFO MACD (slow=26, fast=12, sign=9) calculated successfully.
2025-03-18 13:37:08,213 INFO Average True Range (window=14) calculated successfully.
2025-03-18 13:37:08,218 INFO Stochastic Oscillator (window=14, smooth_window=3) calculated successfully.
2025-03-18 13:37:08,228 INFO Commodity Channel Index (window=20) calculated successfully.
2025-03-18 13:37:08,232 INFO Ichimoku Cloud (window1=9, window2=26, window3=52) calculated successfully.
2025-03-18 13:37:08,232 INFO Aroon Indicator (window=25) calculated successfully.
2025-03-18 13:37:08,296 INFO Parabolic SAR (acceleration=0.02, maximum=0.2) calculated successfully.
2025-03-18 13:37:08,300 INFO Volume Weighted Average Price (window=14) calculated successfully.
2025-03-18 13:37:08,304 INFO On-Balance Volume calculated successfully.
2025-03-18 13:37:08,314 INFO Money Flow Index (window=14) calculated successfully.
2025-03-18 13:37:08,321 INFO Chaikin Money Flow (window=20) calculated successfully.
2025-03-18 13:37:08,324 INFO Ease of Movement (window=14) calculated successfully.
2025-03-18 13:37:08,328 INFO Accumulation/Distribution Index calculated successfully.
2025-03-18 13:37:08,335 INFO Ultimate Oscillator (short_window=7, long_window=14) calculated successfully.
2025-03-18 13:37:08,337 INFO Indicators added successfully.
2025-03-18 13:37:08,349 INFO Missing values handled successfully.
2025-03-18 13:37:08,376 INFO Lagged features created successfully.
2025-03-18 13:37:08,397 INFO Data normalised successfully.
2025-03-18 13:37:08,404 INFO Feature engineering completed successfully.
2025-03-18 13:37:08,411 INFO Training model on engineered data...
2025-03-18 13:37:08,675 INFO Model trained successfully with accuracy: 1.00
2025-03-18 13:37:08,728 INFO Model signals applied successfully.
2025-03-18 13:37:08,734 INFO Consensus signal generated successfully.
2025-03-18 13:37:08,777 INFO Backtesting completed successfully.
2025-03-18 13:37:08,783 INFO Rule-Based Signal Accuracy: 1.00
2025-03-18 13:37:08,784 INFO Model-Based Signal Accuracy: 1.00
2025-03-18 13:37:08,787 INFO Rule-based accuracy: 1.00, Model accuracy: 1.00
2025-03-19 22:00:05,106 INFO Starting trading pipeline...
2025-03-19 22:00:05,115 INFO Fetching data for ['AAPL'] from 2022-01-01 to 2022-12-31...
2025-03-19 22:00:23,691 ERROR Error loading data from Yahoo Finance: No data received from Yahoo Finance. Check API requests.
2025-03-19 22:01:05,311 INFO Starting trading pipeline...
2025-03-19 22:01:05,313 INFO Fetching data for ['AAPL'] from 2022-01-01 to 2022-12-31...
2025-03-19 22:01:05,684 INFO Data loaded successfully from Yahoo Finance for ['AAPL'] from 2022-01-01 to 2022-12-31
2025-03-19 22:01:05,685 INFO           Date       Close        High         Low        Open     Volume
0   2022-01-03  178.879913  179.734962  174.653874  174.771805  104487900
1   2022-01-04  176.609634  179.793920  176.039607  179.489254   99310400
2   2022-01-05  171.911850  177.071564  171.636666  176.521197   94537600
3   2022-01-06  169.042068  172.285320  168.688259  169.730027   96904000
4   2022-01-07  169.209137  171.145259  168.088742  169.916756   86709100
..         ...         ...         ...         ...         ...        ...
246 2022-12-23  130.344498  130.898059  128.150012  129.415299   63814900
247 2022-12-27  128.535507  129.899651  127.240566  129.869997   69007800
248 2022-12-28  124.591377  129.524023  124.423333  128.179654   85438400
249 2022-12-29  128.120331  128.980327  126.261941  126.518948   75703700
250 2022-12-30  128.436661  128.456435  125.965402  126.934142   77034200

[251 rows x 6 columns]
2025-03-19 22:01:05,697 INFO No missing values found.
2025-03-19 22:01:05,700 INFO No duplicate rows found.
2025-03-19 22:01:05,702 INFO Data types:
Date      datetime64[ns]
Close            float64
High             float64
Low              float64
Open             float64
Volume             int64
dtype: object
2025-03-19 22:01:05,715 INFO Data statistical summary:
                                Date       Close        High         Low        Open        Volume
count                            251  251.000000  251.000000  251.000000  251.000000  2.510000e+02
mean   2022-07-02 15:23:39.920318720  152.607556  154.650546  150.494617  152.575786  8.791038e+07
min              2022-01-03 00:00:00  124.591377  128.456435  124.423333  126.518948  3.519590e+07
25%              2022-04-02 12:00:00  142.799400  144.964505  140.376146  142.454351  7.229740e+07
50%              2022-07-05 00:00:00  151.855804  153.570566  149.736988  151.776943  8.373720e+07
75%              2022-10-01 12:00:00  163.372032  165.754616  161.384449  163.704360  9.693705e+07
max              2022-12-30 00:00:00  178.879913  179.793920  176.039607  179.489254  1.826020e+08
std                              NaN   12.697923   12.575342   12.753980   12.705787  2.365699e+07
2025-03-19 22:01:05,720 WARNING Outliers found:
Date       0
Close      0
High       0
Low        0
Open       0
Volume    14
dtype: int64
2025-03-19 22:01:05,722 INFO Calculating technical indicators...
2025-03-19 22:01:05,726 INFO Relative Strength Index (window=14) calculated successfully as RSI.
2025-03-19 22:01:05,728 INFO MACD (slow=26, fast=12, sign=9) calculated successfully.
2025-03-19 22:01:05,731 INFO Average True Range (window=14) calculated successfully.
2025-03-19 22:01:05,734 INFO Bollinger Bands (window=20, std_dev=2) calculated successfully.
2025-03-19 22:01:05,735 INFO Moving Average (window=20) calculated successfully.
2025-03-19 22:01:05,736 INFO Exponential Moving Average (window=20) calculated successfully.
2025-03-19 22:01:05,737 INFO Generating rule-based signals...
2025-03-19 22:01:05,740 INFO Rule-based signals generated successfully.
2025-03-19 22:01:05,743 INFO Columns after signal generation: ['Date', 'Close', 'High', 'Low', 'Open', 'Volume', 'RSI', 'MACD', 'MACD_Signal', 'MACD_Hist', 'ATR', 'BB_High', 'BB_Low', 'BB_Mid', 'MA_20', 'EMA_20', 'Rule_Signal', 'Signal']
2025-03-19 22:01:05,745 INFO Applying feature engineering (creating lagged features)...
2025-03-19 22:01:05,747 INFO Higher Highs and Lower Lows identified successfully.
2025-03-19 22:01:05,749 INFO Double Top pattern identified successfully.
2025-03-19 22:01:05,751 INFO Head and Shoulders pattern identified successfully.
2025-03-19 22:01:05,754 INFO Triple Bottom pattern identified successfully.
2025-03-19 22:01:05,756 INFO Cup and Handle pattern identified successfully.
2025-03-19 22:01:05,758 INFO Bullish Engulfing pattern identified successfully.
2025-03-19 22:01:05,760 INFO Bearish Engulfing pattern identified successfully.
2025-03-19 22:01:05,762 INFO Morning Star pattern identified successfully.
2025-03-19 22:01:05,764 INFO Evening Star pattern identified successfully.
2025-03-19 22:01:05,765 INFO Hammer pattern identified successfully.
2025-03-19 22:01:05,767 INFO Shooting Star pattern identified successfully.
2025-03-19 22:01:05,769 INFO RSI Divergence identified successfully.
2025-03-19 22:01:05,772 INFO Bollinger Band Squeeze identified successfully.
2025-03-19 22:01:05,774 INFO Moving Average Crossover identified successfully.
2025-03-19 22:01:05,779 INFO ADX Trend Strength identified successfully.
2025-03-19 22:01:05,781 INFO Stochastic Oscillator identified successfully.
2025-03-19 22:01:05,784 INFO Pennant pattern identified successfully.
2025-03-19 22:01:05,786 INFO Flag pattern identified successfully.
2025-03-19 22:01:05,788 INFO Wedge pattern identified successfully.
2025-03-19 22:01:05,791 INFO Triangle pattern identified successfully.
2025-03-19 22:01:05,792 INFO Patterns added successfully.
2025-03-19 22:01:05,793 INFO Moving Average (window=20) calculated successfully.
2025-03-19 22:01:05,794 INFO Exponential Moving Average (window=20) calculated successfully.
2025-03-19 22:01:05,797 INFO Relative Strength Index (window=14) calculated successfully as RSI.
2025-03-19 22:01:05,799 INFO Bollinger Bands (window=20, std_dev=2) calculated successfully.
2025-03-19 22:01:05,800 INFO MACD (slow=26, fast=12, sign=9) calculated successfully.
2025-03-19 22:01:05,803 INFO Average True Range (window=14) calculated successfully.
2025-03-19 22:01:05,805 INFO Stochastic Oscillator (window=14, smooth_window=3) calculated successfully.
2025-03-19 22:01:05,811 INFO Commodity Channel Index (window=20) calculated successfully.
2025-03-19 22:01:05,814 INFO Ichimoku Cloud (window1=9, window2=26, window3=52) calculated successfully.
2025-03-19 22:01:05,818 INFO Aroon Indicator (window=25) calculated successfully.
2025-03-19 22:01:05,841 INFO Parabolic SAR (acceleration=0.02, maximum=0.2) calculated successfully.
2025-03-19 22:01:05,844 INFO Volume Weighted Average Price (window=14) calculated successfully.
2025-03-19 22:01:05,845 INFO On-Balance Volume calculated successfully.
2025-03-19 22:01:05,850 INFO Money Flow Index (window=14) calculated successfully.
2025-03-19 22:01:05,853 INFO Chaikin Money Flow (window=20) calculated successfully.
2025-03-19 22:01:05,856 INFO Ease of Movement (window=14) calculated successfully.
2025-03-19 22:01:05,858 INFO Accumulation/Distribution Index calculated successfully.
2025-03-19 22:01:05,862 INFO Ultimate Oscillator (short_window=7, long_window=14) calculated successfully.
2025-03-19 22:01:05,863 INFO Indicators added successfully.
2025-03-19 22:01:05,867 INFO Missing values handled successfully.
2025-03-19 22:01:05,882 INFO Lagged features created successfully.
2025-03-19 22:01:05,891 INFO Data normalised successfully.
2025-03-19 22:01:05,894 INFO Feature engineering completed successfully.
2025-03-19 22:01:05,896 INFO Training model on engineered data...
2025-03-19 22:01:05,989 INFO Model trained successfully with accuracy: 1.00
2025-03-19 22:01:06,003 INFO Model signals applied successfully.
2025-03-19 22:01:06,006 INFO Consensus signal generated successfully.
2025-03-19 22:01:06,023 INFO Backtesting completed successfully.
2025-03-19 22:01:06,026 INFO Rule-Based Signal Accuracy: 1.00
2025-03-19 22:01:06,026 INFO Model-Based Signal Accuracy: 1.00
2025-03-19 22:01:06,028 INFO Rule-based accuracy: 1.00, Model accuracy: 1.00
2025-03-19 22:01:11,288 INFO Buy/Sell signals plotted for ['AAPL']
2025-03-19 22:01:12,610 INFO Backtesting balance plotted for ['AAPL']
2025-03-19 22:01:12,611 INFO Running forecasting model (LSTM)...
2025-03-19 22:01:16,387 INFO LSTM Epoch 0/50, Loss: 0.4851457476615906
2025-03-19 22:01:16,406 INFO LSTM Epoch 10/50, Loss: 0.42070725560188293
2025-03-19 22:01:16,426 INFO LSTM Epoch 20/50, Loss: 0.36027398705482483
2025-03-19 22:01:16,443 INFO LSTM Epoch 30/50, Loss: 0.30133211612701416
2025-03-19 22:01:16,463 INFO LSTM Epoch 40/50, Loss: 0.2430344671010971
2025-03-19 22:01:16,485 INFO LSTM forecasting completed successfully.
2025-03-19 22:01:16,486 INFO Running forecasting model (GRU)...
2025-03-19 22:01:16,509 INFO GRU Epoch 0/50, Loss: 0.26007792353630066
2025-03-19 22:01:16,527 INFO GRU Epoch 10/50, Loss: 0.19876298308372498
2025-03-19 22:01:16,547 INFO GRU Epoch 20/50, Loss: 0.1482856422662735
2025-03-19 22:01:16,564 INFO GRU Epoch 30/50, Loss: 0.10848000645637512
2025-03-19 22:01:16,582 INFO GRU Epoch 40/50, Loss: 0.08064943552017212
2025-03-19 22:01:16,599 INFO GRU forecasting completed successfully.
2025-03-19 22:01:16,601 INFO Running forecasting model (ARIMA)...
2025-03-19 22:01:16,703 INFO ARIMA model trained successfully.
2025-03-19 22:01:16,711 INFO ARIMA forecasting completed successfully.
2025-03-19 22:01:16,712 INFO Running forecasting model (HoltWinters)...
2025-03-19 22:01:16,792 INFO Holt–Winters model trained successfully.
2025-03-19 22:01:16,796 INFO HoltWinters forecasting completed successfully.
2025-03-19 22:01:16,797 INFO Running forecasting model (LinearRegression)...
2025-03-19 22:01:16,802 INFO Linear Regression model trained successfully.
2025-03-19 22:01:16,803 INFO LinearRegression forecasting completed successfully.
2025-03-19 22:01:16,805 ERROR Error in risk management: 'volume'
2025-03-19 22:01:16,807 INFO Resistance levels (window=20) calculated successfully.
2025-03-19 22:01:16,810 INFO Support levels (window=20) calculated successfully.
2025-03-19 22:01:16,814 INFO Volatility (window=20) calculated successfully.
2025-03-19 22:01:16,817 INFO Volume moving average (window=20) calculated successfully.
2025-03-19 22:01:16,818 WARNING Data for AAPL is missing. Skipping.
2025-03-19 22:01:16,821 WARNING Data for AAPL is missing. Skipping.
2025-03-19 22:01:16,822 INFO Stock screening results: {'short_term': {}, 'long_term': {}}
2025-03-19 22:01:16,823 INFO Generating trade execution report...
2025-03-19 22:01:24,904 INFO Forecasts plotted for AAPL
2025-03-19 22:01:24,909 INFO Report saved at: reports\report_2025-03-19_22-01-16.xlsx
2025-03-19 22:01:24,910 INFO Trading pipeline completed successfully!
2025-03-19 22:02:15,681 INFO Starting trading pipeline...
2025-03-19 22:02:15,688 INFO Fetching data for ['AAPL'] from 2022-01-01 to 2022-12-31...
2025-03-19 22:02:16,022 INFO Data loaded successfully from Yahoo Finance for ['AAPL'] from 2022-01-01 to 2022-12-31
2025-03-19 22:02:16,024 INFO           Date       Close        High         Low        Open     Volume
0   2022-01-03  178.879898  179.734947  174.653859  174.771790  104487900
1   2022-01-04  176.609634  179.793920  176.039607  179.489254   99310400
2   2022-01-05  171.911850  177.071564  171.636666  176.521197   94537600
3   2022-01-06  169.042053  172.285305  168.688244  169.730012   96904000
4   2022-01-07  169.209122  171.145244  168.088727  169.916741   86709100
..         ...         ...         ...         ...         ...        ...
246 2022-12-23  130.344482  130.898044  128.149997  129.415284   63814900
247 2022-12-27  128.535538  129.899682  127.240596  129.870028   69007800
248 2022-12-28  124.591385  129.524031  124.423341  128.179661   85438400
249 2022-12-29  128.120361  128.980357  126.261971  126.518978   75703700
250 2022-12-30  128.436691  128.456466  125.965432  126.934172   77034200

[251 rows x 6 columns]
2025-03-19 22:02:16,033 INFO No missing values found.
2025-03-19 22:02:16,035 INFO No duplicate rows found.
2025-03-19 22:02:16,037 INFO Data types:
Date      datetime64[ns]
Close            float64
High             float64
Low              float64
Open             float64
Volume             int64
dtype: object
2025-03-19 22:02:16,048 INFO Data statistical summary:
                                Date       Close        High         Low        Open        Volume
count                            251  251.000000  251.000000  251.000000  251.000000  2.510000e+02
mean   2022-07-02 15:23:39.920318720  152.607554  154.650545  150.494615  152.575785  8.791038e+07
min              2022-01-03 00:00:00  124.591385  128.456466  124.423341  126.518978  3.519590e+07
25%              2022-04-02 12:00:00  142.799408  144.964513  140.376139  142.454335  7.229740e+07
50%              2022-07-05 00:00:00  151.855804  153.570582  149.736958  151.776943  8.373720e+07
75%              2022-10-01 12:00:00  163.372040  165.754616  161.384480  163.704375  9.693705e+07
max              2022-12-30 00:00:00  178.879898  179.793920  176.039607  179.489254  1.826020e+08
std                              NaN   12.697921   12.575339   12.753978   12.705785  2.365699e+07
2025-03-19 22:02:16,053 WARNING Outliers found:
Date       0
Close      0
High       0
Low        0
Open       0
Volume    14
dtype: int64
2025-03-19 22:02:16,054 INFO Calculating technical indicators...
2025-03-19 22:02:16,056 INFO Relative Strength Index (window=14) calculated successfully as RSI.
2025-03-19 22:02:16,059 INFO MACD (slow=26, fast=12, sign=9) calculated successfully.
2025-03-19 22:02:16,064 INFO Average True Range (window=14) calculated successfully.
2025-03-19 22:02:16,067 INFO Bollinger Bands (window=20, std_dev=2) calculated successfully.
2025-03-19 22:02:16,069 INFO Moving Average (window=20) calculated successfully.
2025-03-19 22:02:16,070 INFO Exponential Moving Average (window=20) calculated successfully.
2025-03-19 22:02:16,071 INFO Generating rule-based signals...
2025-03-19 22:02:16,074 INFO Rule-based signals generated successfully.
2025-03-19 22:02:16,075 INFO Columns after signal generation: ['Date', 'Close', 'High', 'Low', 'Open', 'Volume', 'RSI', 'MACD', 'MACD_Signal', 'MACD_Hist', 'ATR', 'BB_High', 'BB_Low', 'BB_Mid', 'MA_20', 'EMA_20', 'Rule_Signal', 'Signal']
2025-03-19 22:02:16,076 INFO Applying feature engineering (creating lagged features)...
2025-03-19 22:02:16,079 INFO Higher Highs and Lower Lows identified successfully.
2025-03-19 22:02:16,080 INFO Double Top pattern identified successfully.
2025-03-19 22:02:16,082 INFO Head and Shoulders pattern identified successfully.
2025-03-19 22:02:16,084 INFO Triple Bottom pattern identified successfully.
2025-03-19 22:02:16,087 INFO Cup and Handle pattern identified successfully.
2025-03-19 22:02:16,089 INFO Bullish Engulfing pattern identified successfully.
2025-03-19 22:02:16,090 INFO Bearish Engulfing pattern identified successfully.
2025-03-19 22:02:16,093 INFO Morning Star pattern identified successfully.
2025-03-19 22:02:16,094 INFO Evening Star pattern identified successfully.
2025-03-19 22:02:16,097 INFO Hammer pattern identified successfully.
2025-03-19 22:02:16,098 INFO Shooting Star pattern identified successfully.
2025-03-19 22:02:16,101 INFO RSI Divergence identified successfully.
2025-03-19 22:02:16,103 INFO Bollinger Band Squeeze identified successfully.
2025-03-19 22:02:16,106 INFO Moving Average Crossover identified successfully.
2025-03-19 22:02:16,111 INFO ADX Trend Strength identified successfully.
2025-03-19 22:02:16,115 INFO Stochastic Oscillator identified successfully.
2025-03-19 22:02:16,118 INFO Pennant pattern identified successfully.
2025-03-19 22:02:16,121 INFO Flag pattern identified successfully.
2025-03-19 22:02:16,123 INFO Wedge pattern identified successfully.
2025-03-19 22:02:16,125 INFO Triangle pattern identified successfully.
2025-03-19 22:02:16,126 INFO Patterns added successfully.
2025-03-19 22:02:16,128 INFO Moving Average (window=20) calculated successfully.
2025-03-19 22:02:16,129 INFO Exponential Moving Average (window=20) calculated successfully.
2025-03-19 22:02:16,131 INFO Relative Strength Index (window=14) calculated successfully as RSI.
2025-03-19 22:02:16,133 INFO Bollinger Bands (window=20, std_dev=2) calculated successfully.
2025-03-19 22:02:16,135 INFO MACD (slow=26, fast=12, sign=9) calculated successfully.
2025-03-19 22:02:16,137 INFO Average True Range (window=14) calculated successfully.
2025-03-19 22:02:16,140 INFO Stochastic Oscillator (window=14, smooth_window=3) calculated successfully.
2025-03-19 22:02:16,144 INFO Commodity Channel Index (window=20) calculated successfully.
2025-03-19 22:02:16,148 INFO Ichimoku Cloud (window1=9, window2=26, window3=52) calculated successfully.
2025-03-19 22:02:16,151 INFO Aroon Indicator (window=25) calculated successfully.
2025-03-19 22:02:16,174 INFO Parabolic SAR (acceleration=0.02, maximum=0.2) calculated successfully.
2025-03-19 22:02:16,177 INFO Volume Weighted Average Price (window=14) calculated successfully.
2025-03-19 22:02:16,178 INFO On-Balance Volume calculated successfully.
2025-03-19 22:02:16,185 INFO Money Flow Index (window=14) calculated successfully.
2025-03-19 22:02:16,187 INFO Chaikin Money Flow (window=20) calculated successfully.
2025-03-19 22:02:16,189 INFO Ease of Movement (window=14) calculated successfully.
2025-03-19 22:02:16,191 INFO Accumulation/Distribution Index calculated successfully.
2025-03-19 22:02:16,194 INFO Ultimate Oscillator (short_window=7, long_window=14) calculated successfully.
2025-03-19 22:02:16,195 INFO Indicators added successfully.
2025-03-19 22:02:16,199 INFO Missing values handled successfully.
2025-03-19 22:02:16,214 INFO Lagged features created successfully.
2025-03-19 22:02:16,222 INFO Data normalised successfully.
2025-03-19 22:02:16,228 INFO Feature engineering completed successfully.
2025-03-19 22:02:16,229 INFO Training model on engineered data...
2025-03-19 22:02:16,322 INFO Model trained successfully with accuracy: 1.00
2025-03-19 22:02:16,337 INFO Model signals applied successfully.
2025-03-19 22:02:16,340 INFO Consensus signal generated successfully.
2025-03-19 22:02:16,356 INFO Backtesting completed successfully.
2025-03-19 22:02:16,358 INFO Rule-Based Signal Accuracy: 1.00
2025-03-19 22:02:16,360 INFO Model-Based Signal Accuracy: 1.00
2025-03-19 22:02:16,361 INFO Rule-based accuracy: 1.00, Model accuracy: 1.00
2025-03-19 22:02:23,519 INFO Buy/Sell signals plotted for ['AAPL']
2025-03-19 22:02:28,109 INFO Backtesting balance plotted for ['AAPL']
2025-03-19 22:02:28,111 INFO Running forecasting model (LSTM)...
2025-03-19 22:02:30,127 INFO LSTM Epoch 0/50, Loss: 0.28719985485076904
2025-03-19 22:02:30,145 INFO LSTM Epoch 10/50, Loss: 0.24383088946342468
2025-03-19 22:02:30,163 INFO LSTM Epoch 20/50, Loss: 0.20278052985668182
2025-03-19 22:02:30,181 INFO LSTM Epoch 30/50, Loss: 0.16282056272029877
2025-03-19 22:02:30,199 INFO LSTM Epoch 40/50, Loss: 0.12523844838142395
2025-03-19 22:02:30,219 INFO LSTM forecasting completed successfully.
2025-03-19 22:02:30,220 INFO Running forecasting model (GRU)...
2025-03-19 22:02:30,228 INFO GRU Epoch 0/50, Loss: 0.23863987624645233
2025-03-19 22:02:30,247 INFO GRU Epoch 10/50, Loss: 0.18265515565872192
2025-03-19 22:02:30,268 INFO GRU Epoch 20/50, Loss: 0.13498243689537048
2025-03-19 22:02:30,284 INFO GRU Epoch 30/50, Loss: 0.0972871333360672
2025-03-19 22:02:30,300 INFO GRU Epoch 40/50, Loss: 0.07249947637319565
2025-03-19 22:02:30,318 INFO GRU forecasting completed successfully.
2025-03-19 22:02:30,319 INFO Running forecasting model (ARIMA)...
2025-03-19 22:02:30,384 INFO ARIMA model trained successfully.
2025-03-19 22:02:30,393 INFO ARIMA forecasting completed successfully.
2025-03-19 22:02:30,394 INFO Running forecasting model (HoltWinters)...
2025-03-19 22:02:30,478 INFO Holt–Winters model trained successfully.
2025-03-19 22:02:30,487 INFO HoltWinters forecasting completed successfully.
2025-03-19 22:02:30,499 INFO Running forecasting model (LinearRegression)...
2025-03-19 22:02:30,515 INFO Linear Regression model trained successfully.
2025-03-19 22:02:30,530 INFO LinearRegression forecasting completed successfully.
2025-03-19 22:02:30,541 ERROR Error in risk management: 'volume'
2025-03-19 22:02:30,546 INFO Resistance levels (window=20) calculated successfully.
2025-03-19 22:02:30,549 INFO Support levels (window=20) calculated successfully.
2025-03-19 22:02:30,552 INFO Volatility (window=20) calculated successfully.
2025-03-19 22:02:30,554 INFO Volume moving average (window=20) calculated successfully.
2025-03-19 22:02:30,555 WARNING Data for AAPL is missing. Skipping.
2025-03-19 22:02:30,557 WARNING Data for AAPL is missing. Skipping.
2025-03-19 22:02:30,558 INFO Stock screening results: {'short_term': {}, 'long_term': {}}
2025-03-19 22:02:30,559 INFO Generating trade execution report...
2025-03-19 22:03:04,090 INFO Forecasts plotted for AAPL
2025-03-19 22:03:04,093 INFO Report saved at: reports\report_2025-03-19_22-02-30.xlsx
2025-03-19 22:03:04,095 INFO Trading pipeline completed successfully!
2025-03-19 22:04:10,128 INFO Starting trading pipeline...
2025-03-19 22:04:10,129 INFO Fetching data for ['AAPL'] from 2022-01-01 to 2022-12-31...
2025-03-19 22:04:10,450 INFO Data loaded successfully from Yahoo Finance for ['AAPL'] from 2022-01-01 to 2022-12-31
2025-03-19 22:04:10,451 INFO           Date       Close        High         Low        Open     Volume
0   2022-01-03  178.879898  179.734947  174.653859  174.771790  104487900
1   2022-01-04  176.609665  179.793951  176.039637  179.489285   99310400
2   2022-01-05  171.911835  177.071549  171.636651  176.521181   94537600
3   2022-01-06  169.042053  172.285305  168.688244  169.730012   96904000
4   2022-01-07  169.209137  171.145259  168.088742  169.916756   86709100
..         ...         ...         ...         ...         ...        ...
246 2022-12-23  130.344498  130.898059  128.150012  129.415299   63814900
247 2022-12-27  128.535507  129.899651  127.240566  129.869997   69007800
248 2022-12-28  124.591385  129.524031  124.423341  128.179661   85438400
249 2022-12-29  128.120331  128.980327  126.261941  126.518948   75703700
250 2022-12-30  128.436646  128.456420  125.965387  126.934126   77034200

[251 rows x 6 columns]
2025-03-19 22:04:10,466 INFO No missing values found.
2025-03-19 22:04:10,468 INFO No duplicate rows found.
2025-03-19 22:04:10,471 INFO Data types:
Date      datetime64[ns]
Close            float64
High             float64
Low              float64
Open             float64
Volume             int64
dtype: object
2025-03-19 22:04:10,485 INFO Data statistical summary:
                                Date       Close        High         Low        Open        Volume
count                            251  251.000000  251.000000  251.000000  251.000000  2.510000e+02
mean   2022-07-02 15:23:39.920318720  152.607555  154.650546  150.494616  152.575786  8.791038e+07
min              2022-01-03 00:00:00  124.591385  128.456420  124.423341  126.518948  3.519590e+07
25%              2022-04-02 12:00:00  142.799416  144.964505  140.376139  142.454328  7.229740e+07
50%              2022-07-05 00:00:00  151.855789  153.570582  149.736973  151.776928  8.373720e+07
75%              2022-10-01 12:00:00  163.372032  165.754623  161.384480  163.704360  9.693705e+07
max              2022-12-30 00:00:00  178.879898  179.793951  176.039637  179.489285  1.826020e+08
std                              NaN   12.697922   12.575341   12.753980   12.705786  2.365699e+07
2025-03-19 22:04:10,489 WARNING Outliers found:
Date       0
Close      0
High       0
Low        0
Open       0
Volume    14
dtype: int64
2025-03-19 22:04:10,491 INFO Calculating technical indicators...
2025-03-19 22:04:10,494 INFO Relative Strength Index (window=14) calculated successfully as RSI.
2025-03-19 22:04:10,496 INFO MACD (slow=26, fast=12, sign=9) calculated successfully.
2025-03-19 22:04:10,499 INFO Average True Range (window=14) calculated successfully.
2025-03-19 22:04:10,501 INFO Bollinger Bands (window=20, std_dev=2) calculated successfully.
2025-03-19 22:04:10,503 INFO Moving Average (window=20) calculated successfully.
2025-03-19 22:04:10,506 INFO Exponential Moving Average (window=20) calculated successfully.
2025-03-19 22:04:10,508 INFO Generating rule-based signals...
2025-03-19 22:04:10,511 INFO Rule-based signals generated successfully.
2025-03-19 22:04:10,516 INFO Columns after signal generation: ['Date', 'Close', 'High', 'Low', 'Open', 'Volume', 'RSI', 'MACD', 'MACD_Signal', 'MACD_Hist', 'ATR', 'BB_High', 'BB_Low', 'BB_Mid', 'MA_20', 'EMA_20', 'Rule_Signal', 'Signal']
2025-03-19 22:04:10,518 INFO Applying feature engineering (creating lagged features)...
2025-03-19 22:04:10,520 INFO Higher Highs and Lower Lows identified successfully.
2025-03-19 22:04:10,522 INFO Double Top pattern identified successfully.
2025-03-19 22:04:10,525 INFO Head and Shoulders pattern identified successfully.
2025-03-19 22:04:10,528 INFO Triple Bottom pattern identified successfully.
2025-03-19 22:04:10,530 INFO Cup and Handle pattern identified successfully.
2025-03-19 22:04:10,533 INFO Bullish Engulfing pattern identified successfully.
2025-03-19 22:04:10,536 INFO Bearish Engulfing pattern identified successfully.
2025-03-19 22:04:10,540 INFO Morning Star pattern identified successfully.
2025-03-19 22:04:10,546 INFO Evening Star pattern identified successfully.
2025-03-19 22:04:10,548 INFO Hammer pattern identified successfully.
2025-03-19 22:04:10,553 INFO Shooting Star pattern identified successfully.
2025-03-19 22:04:10,557 INFO RSI Divergence identified successfully.
2025-03-19 22:04:10,561 INFO Bollinger Band Squeeze identified successfully.
2025-03-19 22:04:10,563 INFO Moving Average Crossover identified successfully.
2025-03-19 22:04:10,571 INFO ADX Trend Strength identified successfully.
2025-03-19 22:04:10,575 INFO Stochastic Oscillator identified successfully.
2025-03-19 22:04:10,578 INFO Pennant pattern identified successfully.
2025-03-19 22:04:10,598 INFO Flag pattern identified successfully.
2025-03-19 22:04:10,601 INFO Wedge pattern identified successfully.
2025-03-19 22:04:10,605 INFO Triangle pattern identified successfully.
2025-03-19 22:04:10,605 INFO Patterns added successfully.
2025-03-19 22:04:10,609 INFO Moving Average (window=20) calculated successfully.
2025-03-19 22:04:10,611 INFO Exponential Moving Average (window=20) calculated successfully.
2025-03-19 22:04:10,633 INFO Relative Strength Index (window=14) calculated successfully as RSI.
2025-03-19 22:04:10,638 INFO Bollinger Bands (window=20, std_dev=2) calculated successfully.
2025-03-19 22:04:10,642 INFO MACD (slow=26, fast=12, sign=9) calculated successfully.
2025-03-19 22:04:10,655 INFO Average True Range (window=14) calculated successfully.
2025-03-19 22:04:10,660 INFO Stochastic Oscillator (window=14, smooth_window=3) calculated successfully.
2025-03-19 22:04:10,667 INFO Commodity Channel Index (window=20) calculated successfully.
2025-03-19 22:04:10,672 INFO Ichimoku Cloud (window1=9, window2=26, window3=52) calculated successfully.
2025-03-19 22:04:10,675 INFO Aroon Indicator (window=25) calculated successfully.
2025-03-19 22:04:10,701 INFO Parabolic SAR (acceleration=0.02, maximum=0.2) calculated successfully.
2025-03-19 22:04:10,705 INFO Volume Weighted Average Price (window=14) calculated successfully.
2025-03-19 22:04:10,708 INFO On-Balance Volume calculated successfully.
2025-03-19 22:04:10,715 INFO Money Flow Index (window=14) calculated successfully.
2025-03-19 22:04:10,721 INFO Chaikin Money Flow (window=20) calculated successfully.
2025-03-19 22:04:10,724 INFO Ease of Movement (window=14) calculated successfully.
2025-03-19 22:04:10,726 INFO Accumulation/Distribution Index calculated successfully.
2025-03-19 22:04:10,731 INFO Ultimate Oscillator (short_window=7, long_window=14) calculated successfully.
2025-03-19 22:04:10,736 INFO Indicators added successfully.
2025-03-19 22:04:10,741 INFO Missing values handled successfully.
2025-03-19 22:04:10,763 INFO Lagged features created successfully.
2025-03-19 22:04:10,777 INFO Data normalised successfully.
2025-03-19 22:04:10,780 INFO Feature engineering completed successfully.
2025-03-19 22:04:10,783 INFO Training model on engineered data...
2025-03-19 22:04:10,901 INFO Model trained successfully with accuracy: 1.00
2025-03-19 22:04:10,918 INFO Model signals applied successfully.
2025-03-19 22:04:10,921 INFO Consensus signal generated successfully.
2025-03-19 22:04:10,938 INFO Backtesting completed successfully.
2025-03-19 22:04:10,942 INFO Rule-Based Signal Accuracy: 1.00
2025-03-19 22:04:10,943 INFO Model-Based Signal Accuracy: 1.00
2025-03-19 22:04:10,945 INFO Rule-based accuracy: 1.00, Model accuracy: 1.00
2025-03-19 22:04:27,941 INFO Buy/Sell signals plotted for ['AAPL']
2025-03-19 22:04:28,795 INFO Backtesting balance plotted for ['AAPL']
2025-03-19 22:04:28,796 INFO Running forecasting model (LSTM)...
2025-03-19 22:04:30,891 INFO LSTM Epoch 0/50, Loss: 0.350466787815094
2025-03-19 22:04:30,916 INFO LSTM Epoch 10/50, Loss: 0.29703596234321594
2025-03-19 22:04:30,941 INFO LSTM Epoch 20/50, Loss: 0.24679487943649292
2025-03-19 22:04:30,968 INFO LSTM Epoch 30/50, Loss: 0.19842113554477692
2025-03-19 22:04:30,990 INFO LSTM Epoch 40/50, Loss: 0.15285664796829224
2025-03-19 22:04:31,016 INFO LSTM forecasting completed successfully.
2025-03-19 22:04:31,017 INFO Running forecasting model (GRU)...
2025-03-19 22:04:31,027 INFO GRU Epoch 0/50, Loss: 0.49241310358047485
2025-03-19 22:04:31,095 INFO GRU Epoch 10/50, Loss: 0.3961840867996216
2025-03-19 22:04:31,132 INFO GRU Epoch 20/50, Loss: 0.3097878098487854
2025-03-19 22:04:31,161 INFO GRU Epoch 30/50, Loss: 0.23211993277072906
2025-03-19 22:04:31,193 INFO GRU Epoch 40/50, Loss: 0.16486260294914246
2025-03-19 22:04:31,227 INFO GRU forecasting completed successfully.
2025-03-19 22:04:31,228 INFO Running forecasting model (ARIMA)...
2025-03-19 22:04:31,335 INFO ARIMA model trained successfully.
2025-03-19 22:04:31,345 INFO ARIMA forecasting completed successfully.
2025-03-19 22:04:31,346 INFO Running forecasting model (HoltWinters)...
2025-03-19 22:04:31,434 INFO Holt–Winters model trained successfully.
2025-03-19 22:04:31,440 INFO HoltWinters forecasting completed successfully.
2025-03-19 22:04:31,442 INFO Running forecasting model (LinearRegression)...
2025-03-19 22:04:31,444 INFO Linear Regression model trained successfully.
2025-03-19 22:04:31,446 INFO LinearRegression forecasting completed successfully.
2025-03-19 22:04:31,447 ERROR Error in risk management: 'volume'
2025-03-19 22:04:31,452 INFO Resistance levels (window=20) calculated successfully.
2025-03-19 22:04:31,456 INFO Support levels (window=20) calculated successfully.
2025-03-19 22:04:31,460 INFO Volatility (window=20) calculated successfully.
2025-03-19 22:04:31,463 INFO Volume moving average (window=20) calculated successfully.
2025-03-19 22:04:31,465 WARNING Data for AAPL is missing. Skipping.
2025-03-19 22:04:31,467 WARNING Data for AAPL is missing. Skipping.
2025-03-19 22:04:31,468 INFO Stock screening results: {'short_term': {}, 'long_term': {}}
2025-03-19 22:04:31,469 INFO Generating trade execution report...
2025-03-19 22:05:02,201 INFO Forecasts plotted for AAPL
2025-03-19 22:05:02,203 INFO Report saved at: reports\report_2025-03-19_22-04-31.xlsx
2025-03-19 22:05:02,205 INFO Trading pipeline completed successfully!
2025-03-19 22:05:42,279 INFO Starting trading pipeline...
2025-03-19 22:05:42,280 INFO Fetching data for ['AAPL'] from 2022-01-01 to 2022-12-31...
2025-03-19 22:05:42,608 INFO Data loaded successfully from Yahoo Finance for ['AAPL'] from 2022-01-01 to 2022-12-31
2025-03-19 22:05:42,609 INFO           Date       Close        High         Low        Open     Volume
0   2022-01-03  178.879913  179.734962  174.653874  174.771805  104487900
1   2022-01-04  176.609665  179.793951  176.039637  179.489285   99310400
2   2022-01-05  171.911835  177.071549  171.636651  176.521181   94537600
3   2022-01-06  169.042068  172.285320  168.688259  169.730027   96904000
4   2022-01-07  169.209137  171.145259  168.088742  169.916756   86709100
..         ...         ...         ...         ...         ...        ...
246 2022-12-23  130.344467  130.898028  128.149982  129.415269   63814900
247 2022-12-27  128.535522  129.899667  127.240581  129.870013   69007800
248 2022-12-28  124.591377  129.524023  124.423333  128.179654   85438400
249 2022-12-29  128.120377  128.980373  126.261986  126.518993   75703700
250 2022-12-30  128.436646  128.456420  125.965387  126.934126   77034200

[251 rows x 6 columns]
2025-03-19 22:05:42,618 INFO No missing values found.
2025-03-19 22:05:42,621 INFO No duplicate rows found.
2025-03-19 22:05:42,626 INFO Data types:
Date      datetime64[ns]
Close            float64
High             float64
Low              float64
Open             float64
Volume             int64
dtype: object
2025-03-19 22:05:42,639 INFO Data statistical summary:
                                Date       Close        High         Low        Open        Volume
count                            251  251.000000  251.000000  251.000000  251.000000  2.510000e+02
mean   2022-07-02 15:23:39.920318720  152.607555  154.650546  150.494617  152.575786  8.791038e+07
min              2022-01-03 00:00:00  124.591377  128.456420  124.423333  126.518993  3.519590e+07
25%              2022-04-02 12:00:00  142.799393  144.964505  140.376131  142.454336  7.229740e+07
50%              2022-07-05 00:00:00  151.855789  153.570582  149.736988  151.776959  8.373720e+07
75%              2022-10-01 12:00:00  163.372040  165.754631  161.384457  163.704360  9.693705e+07
max              2022-12-30 00:00:00  178.879913  179.793951  176.039637  179.489285  1.826020e+08
std                              NaN   12.697922   12.575340   12.753979   12.705786  2.365699e+07
2025-03-19 22:05:42,643 WARNING Outliers found:
Date       0
Close      0
High       0
Low        0
Open       0
Volume    14
dtype: int64
2025-03-19 22:05:42,644 INFO Calculating technical indicators...
2025-03-19 22:05:42,647 INFO Relative Strength Index (window=14) calculated successfully as RSI.
2025-03-19 22:05:42,649 INFO MACD (slow=26, fast=12, sign=9) calculated successfully.
2025-03-19 22:05:42,653 INFO Average True Range (window=14) calculated successfully.
2025-03-19 22:05:42,655 INFO Bollinger Bands (window=20, std_dev=2) calculated successfully.
2025-03-19 22:05:42,658 INFO Moving Average (window=20) calculated successfully.
2025-03-19 22:05:42,660 INFO Exponential Moving Average (window=20) calculated successfully.
2025-03-19 22:05:42,661 INFO Generating rule-based signals...
2025-03-19 22:05:42,663 INFO Rule-based signals generated successfully.
2025-03-19 22:05:42,664 INFO Columns after signal generation: ['Date', 'Close', 'High', 'Low', 'Open', 'Volume', 'RSI', 'MACD', 'MACD_Signal', 'MACD_Hist', 'ATR', 'BB_High', 'BB_Low', 'BB_Mid', 'MA_20', 'EMA_20', 'Rule_Signal', 'Signal']
2025-03-19 22:05:42,665 INFO Applying feature engineering (creating lagged features)...
2025-03-19 22:05:42,668 INFO Higher Highs and Lower Lows identified successfully.
2025-03-19 22:05:42,670 INFO Double Top pattern identified successfully.
2025-03-19 22:05:42,672 INFO Head and Shoulders pattern identified successfully.
2025-03-19 22:05:42,675 INFO Triple Bottom pattern identified successfully.
2025-03-19 22:05:42,677 INFO Cup and Handle pattern identified successfully.
2025-03-19 22:05:42,680 INFO Bullish Engulfing pattern identified successfully.
2025-03-19 22:05:42,681 INFO Bearish Engulfing pattern identified successfully.
2025-03-19 22:05:42,684 INFO Morning Star pattern identified successfully.
2025-03-19 22:05:42,685 INFO Evening Star pattern identified successfully.
2025-03-19 22:05:42,688 INFO Hammer pattern identified successfully.
2025-03-19 22:05:42,690 INFO Shooting Star pattern identified successfully.
2025-03-19 22:05:42,693 INFO RSI Divergence identified successfully.
2025-03-19 22:05:42,696 INFO Bollinger Band Squeeze identified successfully.
2025-03-19 22:05:42,699 INFO Moving Average Crossover identified successfully.
2025-03-19 22:05:42,703 INFO ADX Trend Strength identified successfully.
2025-03-19 22:05:42,706 INFO Stochastic Oscillator identified successfully.
2025-03-19 22:05:42,709 INFO Pennant pattern identified successfully.
2025-03-19 22:05:42,712 INFO Flag pattern identified successfully.
2025-03-19 22:05:42,714 INFO Wedge pattern identified successfully.
2025-03-19 22:05:42,717 INFO Triangle pattern identified successfully.
2025-03-19 22:05:42,718 INFO Patterns added successfully.
2025-03-19 22:05:42,719 INFO Moving Average (window=20) calculated successfully.
2025-03-19 22:05:42,720 INFO Exponential Moving Average (window=20) calculated successfully.
2025-03-19 22:05:42,723 INFO Relative Strength Index (window=14) calculated successfully as RSI.
2025-03-19 22:05:42,725 INFO Bollinger Bands (window=20, std_dev=2) calculated successfully.
2025-03-19 22:05:42,726 INFO MACD (slow=26, fast=12, sign=9) calculated successfully.
2025-03-19 22:05:42,729 INFO Average True Range (window=14) calculated successfully.
2025-03-19 22:05:42,732 INFO Stochastic Oscillator (window=14, smooth_window=3) calculated successfully.
2025-03-19 22:05:42,736 INFO Commodity Channel Index (window=20) calculated successfully.
2025-03-19 22:05:42,739 INFO Ichimoku Cloud (window1=9, window2=26, window3=52) calculated successfully.
2025-03-19 22:05:42,742 INFO Aroon Indicator (window=25) calculated successfully.
2025-03-19 22:05:42,765 INFO Parabolic SAR (acceleration=0.02, maximum=0.2) calculated successfully.
2025-03-19 22:05:42,767 INFO Volume Weighted Average Price (window=14) calculated successfully.
2025-03-19 22:05:42,769 INFO On-Balance Volume calculated successfully.
2025-03-19 22:05:42,775 INFO Money Flow Index (window=14) calculated successfully.
2025-03-19 22:05:42,777 INFO Chaikin Money Flow (window=20) calculated successfully.
2025-03-19 22:05:42,778 INFO Ease of Movement (window=14) calculated successfully.
2025-03-19 22:05:42,780 INFO Accumulation/Distribution Index calculated successfully.
2025-03-19 22:05:42,784 INFO Ultimate Oscillator (short_window=7, long_window=14) calculated successfully.
2025-03-19 22:05:42,785 INFO Indicators added successfully.
2025-03-19 22:05:42,788 INFO Missing values handled successfully.
2025-03-19 22:05:42,803 INFO Lagged features created successfully.
2025-03-19 22:05:42,814 INFO Data normalised successfully.
2025-03-19 22:05:42,820 INFO Feature engineering completed successfully.
2025-03-19 22:05:42,821 INFO Training model on engineered data...
2025-03-19 22:05:42,915 INFO Model trained successfully with accuracy: 1.00
2025-03-19 22:05:42,929 INFO Model signals applied successfully.
2025-03-19 22:05:42,932 INFO Consensus signal generated successfully.
2025-03-19 22:05:42,948 INFO Backtesting completed successfully.
2025-03-19 22:05:42,951 INFO Rule-Based Signal Accuracy: 1.00
2025-03-19 22:05:42,953 INFO Model-Based Signal Accuracy: 1.00
2025-03-19 22:05:42,954 INFO Rule-based accuracy: 1.00, Model accuracy: 1.00
2025-03-19 22:05:46,558 INFO Buy/Sell signals plotted for ['AAPL']
2025-03-19 22:05:47,917 INFO Backtesting balance plotted for ['AAPL']
2025-03-19 22:05:47,919 INFO Running forecasting model (LSTM)...
2025-03-19 22:05:49,323 INFO LSTM Epoch 0/50, Loss: 0.31698375940322876
2025-03-19 22:05:49,343 INFO LSTM Epoch 10/50, Loss: 0.2653297781944275
2025-03-19 22:05:49,362 INFO LSTM Epoch 20/50, Loss: 0.21783018112182617
2025-03-19 22:05:49,382 INFO LSTM Epoch 30/50, Loss: 0.17374861240386963
2025-03-19 22:05:49,400 INFO LSTM Epoch 40/50, Loss: 0.13396631181240082
2025-03-19 22:05:49,418 INFO LSTM forecasting completed successfully.
2025-03-19 22:05:49,420 INFO Running forecasting model (GRU)...
2025-03-19 22:05:49,429 INFO GRU Epoch 0/50, Loss: 0.41907623410224915
2025-03-19 22:05:49,451 INFO GRU Epoch 10/50, Loss: 0.33493542671203613
2025-03-19 22:05:49,469 INFO GRU Epoch 20/50, Loss: 0.2574685215950012
2025-03-19 22:05:49,488 INFO GRU Epoch 30/50, Loss: 0.18757644295692444
2025-03-19 22:05:49,504 INFO GRU Epoch 40/50, Loss: 0.12946659326553345
2025-03-19 22:05:49,522 INFO GRU forecasting completed successfully.
2025-03-19 22:05:49,524 INFO Running forecasting model (ARIMA)...
2025-03-19 22:05:49,597 INFO ARIMA model trained successfully.
2025-03-19 22:05:49,607 INFO ARIMA forecasting completed successfully.
2025-03-19 22:05:49,608 INFO Running forecasting model (HoltWinters)...
2025-03-19 22:05:49,690 INFO Holt–Winters model trained successfully.
2025-03-19 22:05:49,694 INFO HoltWinters forecasting completed successfully.
2025-03-19 22:05:49,694 INFO Running forecasting model (LinearRegression)...
2025-03-19 22:05:49,696 INFO Linear Regression model trained successfully.
2025-03-19 22:05:49,698 INFO LinearRegression forecasting completed successfully.
2025-03-19 22:05:49,699 ERROR Error in risk management: 'volume'
2025-03-19 22:05:49,703 INFO Resistance levels (window=20) calculated successfully.
2025-03-19 22:05:49,707 INFO Support levels (window=20) calculated successfully.
2025-03-19 22:05:49,711 INFO Volatility (window=20) calculated successfully.
2025-03-19 22:05:49,713 INFO Volume moving average (window=20) calculated successfully.
2025-03-19 22:05:49,714 WARNING Data for AAPL is missing. Skipping.
2025-03-19 22:05:49,715 WARNING Data for AAPL is missing. Skipping.
2025-03-19 22:05:49,716 INFO Stock screening results: {'short_term': {}, 'long_term': {}}
2025-03-19 22:05:49,718 INFO Generating trade execution report...
2025-03-19 22:12:19,420 INFO Starting trading pipeline...
2025-03-19 22:12:19,421 INFO Fetching data for ['AAPL'] from 2022-01-01 to 2022-12-31...
2025-03-19 22:12:19,757 INFO Data loaded successfully from Yahoo Finance for ['AAPL'] from 2022-01-01 to 2022-12-31
2025-03-19 22:12:19,759 INFO           Date       Close        High         Low        Open     Volume
0   2022-01-03  178.879929  179.734977  174.653889  174.771820  104487900
1   2022-01-04  176.609650  179.793936  176.039622  179.489269   99310400
2   2022-01-05  171.911850  177.071564  171.636666  176.521197   94537600
3   2022-01-06  169.042084  172.285336  168.688274  169.730043   96904000
4   2022-01-07  169.209122  171.145244  168.088727  169.916741   86709100
..         ...         ...         ...         ...         ...        ...
246 2022-12-23  130.344498  130.898059  128.150012  129.415299   63814900
247 2022-12-27  128.535522  129.899667  127.240581  129.870013   69007800
248 2022-12-28  124.591385  129.524031  124.423341  128.179661   85438400
249 2022-12-29  128.120361  128.980357  126.261971  126.518978   75703700
250 2022-12-30  128.436646  128.456420  125.965387  126.934126   77034200

[251 rows x 6 columns]
2025-03-19 22:12:19,766 INFO No missing values found.
2025-03-19 22:12:19,768 INFO No duplicate rows found.
2025-03-19 22:12:19,769 INFO Data types:
Date      datetime64[ns]
Close            float64
High             float64
Low              float64
Open             float64
Volume             int64
dtype: object
2025-03-19 22:12:19,782 INFO Data statistical summary:
                                Date       Close        High         Low        Open        Volume
count                            251  251.000000  251.000000  251.000000  251.000000  2.510000e+02
mean   2022-07-02 15:23:39.920318720  152.607556  154.650547  150.494617  152.575787  8.791038e+07
min              2022-01-03 00:00:00  124.591385  128.456420  124.423341  126.518978  3.519590e+07
25%              2022-04-02 12:00:00  142.799408  144.964512  140.376146  142.454343  7.229740e+07
50%              2022-07-05 00:00:00  151.855820  153.570566  149.736973  151.776959  8.373720e+07
75%              2022-10-01 12:00:00  163.372017  165.754600  161.384449  163.704368  9.693705e+07
max              2022-12-30 00:00:00  178.879929  179.793936  176.039622  179.489269  1.826020e+08
std                              NaN   12.697922   12.575340   12.753979   12.705786  2.365699e+07
2025-03-19 22:12:19,787 WARNING Outliers found:
Date       0
Close      0
High       0
Low        0
Open       0
Volume    14
dtype: int64
2025-03-19 22:12:19,789 INFO Calculating technical indicators...
2025-03-19 22:12:19,791 INFO Relative Strength Index (window=14) calculated successfully as RSI.
2025-03-19 22:12:19,794 INFO MACD (slow=26, fast=12, sign=9) calculated successfully.
2025-03-19 22:12:19,797 INFO Average True Range (window=14) calculated successfully.
2025-03-19 22:12:19,799 INFO Bollinger Bands (window=20, std_dev=2) calculated successfully.
2025-03-19 22:12:19,800 INFO Moving Average (window=20) calculated successfully.
2025-03-19 22:12:19,802 INFO Exponential Moving Average (window=20) calculated successfully.
2025-03-19 22:12:19,803 INFO Generating rule-based signals...
2025-03-19 22:12:19,806 INFO Rule-based signals generated successfully.
2025-03-19 22:12:19,807 INFO Columns after signal generation: ['Date', 'Close', 'High', 'Low', 'Open', 'Volume', 'RSI', 'MACD', 'MACD_Signal', 'MACD_Hist', 'ATR', 'BB_High', 'BB_Low', 'BB_Mid', 'MA_20', 'EMA_20', 'Rule_Signal', 'Signal']
2025-03-19 22:12:19,808 INFO Applying feature engineering (creating lagged features)...
2025-03-19 22:12:19,810 INFO Higher Highs and Lower Lows identified successfully.
2025-03-19 22:12:19,812 INFO Double Top pattern identified successfully.
2025-03-19 22:12:19,814 INFO Head and Shoulders pattern identified successfully.
2025-03-19 22:12:19,817 INFO Triple Bottom pattern identified successfully.
2025-03-19 22:12:19,819 INFO Cup and Handle pattern identified successfully.
2025-03-19 22:12:19,821 INFO Bullish Engulfing pattern identified successfully.
2025-03-19 22:12:19,824 INFO Bearish Engulfing pattern identified successfully.
2025-03-19 22:12:19,826 INFO Morning Star pattern identified successfully.
2025-03-19 22:12:19,828 INFO Evening Star pattern identified successfully.
2025-03-19 22:12:19,830 INFO Hammer pattern identified successfully.
2025-03-19 22:12:19,831 INFO Shooting Star pattern identified successfully.
2025-03-19 22:12:19,835 INFO RSI Divergence identified successfully.
2025-03-19 22:12:19,837 INFO Bollinger Band Squeeze identified successfully.
2025-03-19 22:12:19,839 INFO Moving Average Crossover identified successfully.
2025-03-19 22:12:19,845 INFO ADX Trend Strength identified successfully.
2025-03-19 22:12:19,847 INFO Stochastic Oscillator identified successfully.
2025-03-19 22:12:19,850 INFO Pennant pattern identified successfully.
2025-03-19 22:12:19,851 INFO Flag pattern identified successfully.
2025-03-19 22:12:19,855 INFO Wedge pattern identified successfully.
2025-03-19 22:12:19,857 INFO Triangle pattern identified successfully.
2025-03-19 22:12:19,859 INFO Patterns added successfully.
2025-03-19 22:12:19,860 INFO Moving Average (window=20) calculated successfully.
2025-03-19 22:12:19,861 INFO Exponential Moving Average (window=20) calculated successfully.
2025-03-19 22:12:19,864 INFO Relative Strength Index (window=14) calculated successfully as RSI.
2025-03-19 22:12:19,866 INFO Bollinger Bands (window=20, std_dev=2) calculated successfully.
2025-03-19 22:12:19,868 INFO MACD (slow=26, fast=12, sign=9) calculated successfully.
2025-03-19 22:12:19,871 INFO Average True Range (window=14) calculated successfully.
2025-03-19 22:12:19,873 INFO Stochastic Oscillator (window=14, smooth_window=3) calculated successfully.
2025-03-19 22:12:19,877 INFO Commodity Channel Index (window=20) calculated successfully.
2025-03-19 22:12:19,881 INFO Ichimoku Cloud (window1=9, window2=26, window3=52) calculated successfully.
2025-03-19 22:12:19,884 INFO Aroon Indicator (window=25) calculated successfully.
2025-03-19 22:12:19,908 INFO Parabolic SAR (acceleration=0.02, maximum=0.2) calculated successfully.
2025-03-19 22:12:19,911 INFO Volume Weighted Average Price (window=14) calculated successfully.
2025-03-19 22:12:19,912 INFO On-Balance Volume calculated successfully.
2025-03-19 22:12:19,918 INFO Money Flow Index (window=14) calculated successfully.
2025-03-19 22:12:19,920 INFO Chaikin Money Flow (window=20) calculated successfully.
2025-03-19 22:12:19,922 INFO Ease of Movement (window=14) calculated successfully.
2025-03-19 22:12:19,923 INFO Accumulation/Distribution Index calculated successfully.
2025-03-19 22:12:19,927 INFO Ultimate Oscillator (short_window=7, long_window=14) calculated successfully.
2025-03-19 22:12:19,928 INFO Indicators added successfully.
2025-03-19 22:12:19,931 INFO Missing values handled successfully.
2025-03-19 22:12:19,945 INFO Lagged features created successfully.
2025-03-19 22:12:19,954 INFO Data normalised successfully.
2025-03-19 22:12:19,958 INFO Feature engineering completed successfully.
2025-03-19 22:12:19,959 INFO Training model on engineered data...
2025-03-19 22:12:20,051 INFO Model trained successfully with accuracy: 1.00
2025-03-19 22:12:20,066 INFO Model signals applied successfully.
2025-03-19 22:12:20,069 INFO Consensus signal generated successfully.
2025-03-19 22:12:20,086 INFO Backtesting completed successfully.
2025-03-19 22:12:20,089 INFO Rule-Based Signal Accuracy: 1.00
2025-03-19 22:12:20,090 INFO Model-Based Signal Accuracy: 1.00
2025-03-19 22:12:20,091 INFO Rule-based accuracy: 1.00, Model accuracy: 1.00
2025-03-19 22:12:23,737 INFO Buy/Sell signals plotted for ['AAPL']
2025-03-19 22:12:24,683 INFO Backtesting balance plotted for ['AAPL']
2025-03-19 22:12:24,684 INFO Running forecasting model (LSTM)...
2025-03-19 22:12:26,047 INFO LSTM Epoch 0/50, Loss: 0.517534613609314
2025-03-19 22:12:26,065 INFO LSTM Epoch 10/50, Loss: 0.4501354396343231
2025-03-19 22:12:26,084 INFO LSTM Epoch 20/50, Loss: 0.38768166303634644
2025-03-19 22:12:26,101 INFO LSTM Epoch 30/50, Loss: 0.32702240347862244
2025-03-19 22:12:26,118 INFO LSTM Epoch 40/50, Loss: 0.26646170020103455
2025-03-19 22:12:26,145 INFO LSTM forecasting completed successfully.
2025-03-19 22:12:26,146 INFO Running forecasting model (GRU)...
2025-03-19 22:12:26,156 INFO GRU Epoch 0/50, Loss: 0.46931472420692444
2025-03-19 22:12:26,180 INFO GRU Epoch 10/50, Loss: 0.3775319755077362
2025-03-19 22:12:26,199 INFO GRU Epoch 20/50, Loss: 0.29597556591033936
2025-03-19 22:12:26,214 INFO GRU Epoch 30/50, Loss: 0.22223500907421112
2025-03-19 22:12:26,233 INFO GRU Epoch 40/50, Loss: 0.15799877047538757
2025-03-19 22:12:26,252 INFO GRU forecasting completed successfully.
2025-03-19 22:12:26,254 INFO Running forecasting model (ARIMA)...
2025-03-19 22:12:26,334 INFO ARIMA model trained successfully.
2025-03-19 22:12:26,345 INFO ARIMA forecasting completed successfully.
2025-03-19 22:12:26,347 INFO Running forecasting model (HoltWinters)...
2025-03-19 22:12:26,432 INFO Holt–Winters model trained successfully.
2025-03-19 22:12:26,437 INFO HoltWinters forecasting completed successfully.
2025-03-19 22:12:26,439 INFO Running forecasting model (LinearRegression)...
2025-03-19 22:12:26,441 INFO Linear Regression model trained successfully.
2025-03-19 22:12:26,443 INFO LinearRegression forecasting completed successfully.
2025-03-19 22:12:26,445 ERROR Error in risk management: 'volume'
2025-03-19 22:12:26,449 INFO Resistance levels (window=20) calculated successfully.
2025-03-19 22:12:26,451 INFO Support levels (window=20) calculated successfully.
2025-03-19 22:12:26,455 INFO Volatility (window=20) calculated successfully.
2025-03-19 22:12:26,459 INFO Volume moving average (window=20) calculated successfully.
2025-03-19 22:12:26,460 WARNING Data for AAPL is missing. Skipping.
2025-03-19 22:12:26,462 WARNING Data for AAPL is missing. Skipping.
2025-03-19 22:12:26,463 INFO Stock screening results: {'short_term': {}, 'long_term': {}}
2025-03-19 22:12:26,464 INFO Generating trade execution report...
2025-03-19 22:13:20,689 INFO Forecasts plotted for AAPL
2025-03-19 22:13:20,691 INFO Report saved at: reports\report_2025-03-19_22-12-26.xlsx
2025-03-19 22:13:20,693 INFO Trading pipeline completed successfully!
2025-03-19 22:16:24,774 INFO Starting trading pipeline...
2025-03-19 22:16:24,775 INFO Fetching data for ['AAPL'] from 2022-01-01 to 2022-12-31...
2025-03-19 22:16:25,107 INFO Data loaded successfully from Yahoo Finance for ['AAPL'] from 2022-01-01 to 2022-12-31
2025-03-19 22:16:25,108 INFO           Date       Close        High         Low        Open     Volume
0   2022-01-03  178.879898  179.734947  174.653859  174.771790  104487900
1   2022-01-04  176.609634  179.793920  176.039607  179.489254   99310400
2   2022-01-05  171.911850  177.071564  171.636666  176.521197   94537600
3   2022-01-06  169.042068  172.285320  168.688259  169.730027   96904000
4   2022-01-07  169.209152  171.145275  168.088758  169.916771   86709100
..         ...         ...         ...         ...         ...        ...
246 2022-12-23  130.344467  130.898028  128.149982  129.415269   63814900
247 2022-12-27  128.535507  129.899651  127.240566  129.869997   69007800
248 2022-12-28  124.591385  129.524031  124.423341  128.179661   85438400
249 2022-12-29  128.120331  128.980327  126.261941  126.518948   75703700
250 2022-12-30  128.436676  128.456450  125.965417  126.934157   77034200

[251 rows x 6 columns]
2025-03-19 22:16:25,116 INFO No missing values found.
2025-03-19 22:16:25,118 INFO No duplicate rows found.
2025-03-19 22:16:25,120 INFO Data types:
Date      datetime64[ns]
Close            float64
High             float64
Low              float64
Open             float64
Volume             int64
dtype: object
2025-03-19 22:16:25,133 INFO Data statistical summary:
                                Date       Close        High         Low        Open        Volume
count                            251  251.000000  251.000000  251.000000  251.000000  2.510000e+02
mean   2022-07-02 15:23:39.920318720  152.607555  154.650546  150.494616  152.575786  8.791038e+07
min              2022-01-03 00:00:00  124.591385  128.456450  124.423341  126.518948  3.519590e+07
25%              2022-04-02 12:00:00  142.799393  144.964513  140.376131  142.454344  7.229740e+07
50%              2022-07-05 00:00:00  151.855820  153.570566  149.736958  151.776943  8.373720e+07
75%              2022-10-01 12:00:00  163.372055  165.754608  161.384465  163.704368  9.693705e+07
max              2022-12-30 00:00:00  178.879898  179.793920  176.039607  179.489254  1.826020e+08
std                              NaN   12.697923   12.575341   12.753980   12.705787  2.365699e+07
2025-03-19 22:16:25,139 WARNING Outliers found:
Date       0
Close      0
High       0
Low        0
Open       0
Volume    14
dtype: int64
2025-03-19 22:16:25,140 INFO Calculating technical indicators...
2025-03-19 22:16:25,142 INFO Relative Strength Index (window=14) calculated successfully as RSI.
2025-03-19 22:16:25,147 INFO MACD (slow=26, fast=12, sign=9) calculated successfully.
2025-03-19 22:16:25,151 INFO Average True Range (window=14) calculated successfully.
2025-03-19 22:16:25,153 INFO Bollinger Bands (window=20, std_dev=2) calculated successfully.
2025-03-19 22:16:25,155 INFO Moving Average (window=20) calculated successfully.
2025-03-19 22:16:25,156 INFO Exponential Moving Average (window=20) calculated successfully.
2025-03-19 22:16:25,157 INFO Generating rule-based signals...
2025-03-19 22:16:25,160 INFO Rule-based signals generated successfully.
2025-03-19 22:16:25,161 INFO Columns after signal generation: ['Date', 'Close', 'High', 'Low', 'Open', 'Volume', 'RSI', 'MACD', 'MACD_Signal', 'MACD_Hist', 'ATR', 'BB_High', 'BB_Low', 'BB_Mid', 'MA_20', 'EMA_20', 'Rule_Signal', 'Signal']
2025-03-19 22:16:25,162 INFO Applying feature engineering (creating lagged features)...
2025-03-19 22:16:25,164 INFO Higher Highs and Lower Lows identified successfully.
2025-03-19 22:16:25,165 INFO Double Top pattern identified successfully.
2025-03-19 22:16:25,169 INFO Head and Shoulders pattern identified successfully.
2025-03-19 22:16:25,170 INFO Triple Bottom pattern identified successfully.
2025-03-19 22:16:25,173 INFO Cup and Handle pattern identified successfully.
2025-03-19 22:16:25,175 INFO Bullish Engulfing pattern identified successfully.
2025-03-19 22:16:25,177 INFO Bearish Engulfing pattern identified successfully.
2025-03-19 22:16:25,179 INFO Morning Star pattern identified successfully.
2025-03-19 22:16:25,181 INFO Evening Star pattern identified successfully.
2025-03-19 22:16:25,183 INFO Hammer pattern identified successfully.
2025-03-19 22:16:25,184 INFO Shooting Star pattern identified successfully.
2025-03-19 22:16:25,187 INFO RSI Divergence identified successfully.
2025-03-19 22:16:25,189 INFO Bollinger Band Squeeze identified successfully.
2025-03-19 22:16:25,193 INFO Moving Average Crossover identified successfully.
2025-03-19 22:16:25,197 INFO ADX Trend Strength identified successfully.
2025-03-19 22:16:25,200 INFO Stochastic Oscillator identified successfully.
2025-03-19 22:16:25,202 INFO Pennant pattern identified successfully.
2025-03-19 22:16:25,204 INFO Flag pattern identified successfully.
2025-03-19 22:16:25,207 INFO Wedge pattern identified successfully.
2025-03-19 22:16:25,208 INFO Triangle pattern identified successfully.
2025-03-19 22:16:25,215 INFO Patterns added successfully.
2025-03-19 22:16:25,216 INFO Moving Average (window=20) calculated successfully.
2025-03-19 22:16:25,217 INFO Exponential Moving Average (window=20) calculated successfully.
2025-03-19 22:16:25,220 INFO Relative Strength Index (window=14) calculated successfully as RSI.
2025-03-19 22:16:25,222 INFO Bollinger Bands (window=20, std_dev=2) calculated successfully.
2025-03-19 22:16:25,224 INFO MACD (slow=26, fast=12, sign=9) calculated successfully.
2025-03-19 22:16:25,228 INFO Average True Range (window=14) calculated successfully.
2025-03-19 22:16:25,230 INFO Stochastic Oscillator (window=14, smooth_window=3) calculated successfully.
2025-03-19 22:16:25,235 INFO Commodity Channel Index (window=20) calculated successfully.
2025-03-19 22:16:25,237 INFO Ichimoku Cloud (window1=9, window2=26, window3=52) calculated successfully.
2025-03-19 22:16:25,240 INFO Aroon Indicator (window=25) calculated successfully.
2025-03-19 22:16:25,264 INFO Parabolic SAR (acceleration=0.02, maximum=0.2) calculated successfully.
2025-03-19 22:16:25,267 INFO Volume Weighted Average Price (window=14) calculated successfully.
2025-03-19 22:16:25,268 INFO On-Balance Volume calculated successfully.
2025-03-19 22:16:25,273 INFO Money Flow Index (window=14) calculated successfully.
2025-03-19 22:16:25,276 INFO Chaikin Money Flow (window=20) calculated successfully.
2025-03-19 22:16:25,278 INFO Ease of Movement (window=14) calculated successfully.
2025-03-19 22:16:25,280 INFO Accumulation/Distribution Index calculated successfully.
2025-03-19 22:16:25,283 INFO Ultimate Oscillator (short_window=7, long_window=14) calculated successfully.
2025-03-19 22:16:25,284 INFO Indicators added successfully.
2025-03-19 22:16:25,287 INFO Missing values handled successfully.
2025-03-19 22:16:25,300 INFO Lagged features created successfully.
2025-03-19 22:16:25,312 INFO Data normalised successfully.
2025-03-19 22:16:25,319 INFO Feature engineering completed successfully.
2025-03-19 22:16:25,322 INFO Training model on engineered data...
2025-03-19 22:16:25,417 INFO Model trained successfully with accuracy: 1.00
2025-03-19 22:16:25,431 INFO Model signals applied successfully.
2025-03-19 22:16:25,435 INFO Consensus signal generated successfully.
2025-03-19 22:16:25,450 INFO Backtesting completed successfully.
2025-03-19 22:16:25,454 INFO Rule-Based Signal Accuracy: 1.00
2025-03-19 22:16:25,455 INFO Model-Based Signal Accuracy: 1.00
2025-03-19 22:16:25,456 INFO Rule-based accuracy: 1.00, Model accuracy: 1.00
2025-03-19 22:16:32,079 INFO Buy/Sell signals plotted for ['AAPL']
2025-03-19 22:16:33,391 INFO Backtesting balance plotted for ['AAPL']
2025-03-19 22:16:33,394 INFO Running forecasting model (LSTM)...
2025-03-19 22:16:35,482 INFO LSTM Epoch 0/50, Loss: 0.5319077968597412
2025-03-19 22:16:35,501 INFO LSTM Epoch 10/50, Loss: 0.46218714118003845
2025-03-19 22:16:35,519 INFO LSTM Epoch 20/50, Loss: 0.3965352177619934
2025-03-19 22:16:35,538 INFO LSTM Epoch 30/50, Loss: 0.33272671699523926
2025-03-19 22:16:35,557 INFO LSTM Epoch 40/50, Loss: 0.26982757449150085
2025-03-19 22:16:35,580 INFO LSTM forecasting completed successfully.
2025-03-19 22:16:35,581 INFO Running forecasting model (GRU)...
2025-03-19 22:16:35,589 INFO GRU Epoch 0/50, Loss: 0.259694367647171
2025-03-19 22:16:35,608 INFO GRU Epoch 10/50, Loss: 0.197921484708786
2025-03-19 22:16:35,628 INFO GRU Epoch 20/50, Loss: 0.14586736261844635
2025-03-19 22:16:35,647 INFO GRU Epoch 30/50, Loss: 0.10457763820886612
2025-03-19 22:16:35,669 INFO GRU Epoch 40/50, Loss: 0.07663607597351074
2025-03-19 22:16:35,689 INFO GRU forecasting completed successfully.
2025-03-19 22:16:35,691 INFO Running forecasting model (ARIMA)...
2025-03-19 22:16:35,765 INFO ARIMA model trained successfully.
2025-03-19 22:16:35,773 INFO ARIMA forecasting completed successfully.
2025-03-19 22:16:35,775 INFO Running forecasting model (HoltWinters)...
2025-03-19 22:16:35,854 INFO Holt–Winters model trained successfully.
2025-03-19 22:16:35,860 INFO HoltWinters forecasting completed successfully.
2025-03-19 22:16:35,861 INFO Running forecasting model (LinearRegression)...
2025-03-19 22:16:35,864 INFO Linear Regression model trained successfully.
2025-03-19 22:16:35,865 INFO LinearRegression forecasting completed successfully.
2025-03-19 22:16:35,866 ERROR Error in risk management: 'volume'
2025-03-19 22:16:35,871 INFO Resistance levels (window=20) calculated successfully.
2025-03-19 22:16:35,873 INFO Support levels (window=20) calculated successfully.
2025-03-19 22:16:35,877 INFO Volatility (window=20) calculated successfully.
2025-03-19 22:16:35,879 INFO Volume moving average (window=20) calculated successfully.
2025-03-19 22:16:35,881 WARNING Data for AAPL is missing. Skipping.
2025-03-19 22:16:35,881 WARNING Data for AAPL is missing. Skipping.
2025-03-19 22:16:35,882 INFO Stock screening results: {'short_term': {}, 'long_term': {}}
2025-03-19 22:16:35,884 INFO Generating trade execution report...
2025-03-19 22:16:45,633 INFO Forecasts plotted for AAPL
2025-03-19 22:16:45,634 INFO Report saved at: reports\report_2025-03-19_22-16-35.xlsx
2025-03-19 22:16:45,635 INFO Trading pipeline completed successfully!
2025-03-19 22:19:56,230 INFO Starting trading pipeline...
2025-03-19 22:19:56,231 INFO Fetching data for ['AAPL'] from 2022-01-01 to 2022-12-31...
2025-03-19 22:19:56,606 INFO Data loaded successfully from Yahoo Finance for ['AAPL'] from 2022-01-01 to 2022-12-31
2025-03-19 22:19:56,607 INFO           Date       Close        High         Low        Open     Volume
0   2022-01-03  178.879913  179.734962  174.653874  174.771805  104487900
1   2022-01-04  176.609619  179.793905  176.039592  179.489238   99310400
2   2022-01-05  171.911865  177.071580  171.636682  176.521213   94537600
3   2022-01-06  169.042068  172.285320  168.688259  169.730027   96904000
4   2022-01-07  169.209137  171.145259  168.088742  169.916756   86709100
..         ...         ...         ...         ...         ...        ...
246 2022-12-23  130.344498  130.898059  128.150012  129.415299   63814900
247 2022-12-27  128.535522  129.899667  127.240581  129.870013   69007800
248 2022-12-28  124.591377  129.524023  124.423333  128.179654   85438400
249 2022-12-29  128.120331  128.980327  126.261941  126.518948   75703700
250 2022-12-30  128.436646  128.456420  125.965387  126.934126   77034200

[251 rows x 6 columns]
2025-03-19 22:19:56,616 INFO No missing values found.
2025-03-19 22:19:56,619 INFO No duplicate rows found.
2025-03-19 22:19:56,621 INFO Data types:
Date      datetime64[ns]
Close            float64
High             float64
Low              float64
Open             float64
Volume             int64
dtype: object
2025-03-19 22:19:56,632 INFO Data statistical summary:
                                Date       Close        High         Low        Open        Volume
count                            251  251.000000  251.000000  251.000000  251.000000  2.510000e+02
mean   2022-07-02 15:23:39.920318720  152.607555  154.650546  150.494617  152.575786  8.791038e+07
min              2022-01-03 00:00:00  124.591377  128.456420  124.423333  126.518948  3.519590e+07
25%              2022-04-02 12:00:00  142.799408  144.964505  140.376123  142.454344  7.229740e+07
50%              2022-07-05 00:00:00  151.855774  153.570597  149.736973  151.776943  8.373720e+07
75%              2022-10-01 12:00:00  163.372009  165.754616  161.384457  163.704368  9.693705e+07
max              2022-12-30 00:00:00  178.879913  179.793905  176.039592  179.489238  1.826020e+08
std                              NaN   12.697922   12.575341   12.753980   12.705787  2.365699e+07
2025-03-19 22:19:56,637 WARNING Outliers found:
Date       0
Close      0
High       0
Low        0
Open       0
Volume    14
dtype: int64
2025-03-19 22:19:56,638 INFO Calculating technical indicators...
2025-03-19 22:19:56,642 INFO Relative Strength Index (window=14) calculated successfully as RSI.
2025-03-19 22:19:56,644 INFO MACD (slow=26, fast=12, sign=9) calculated successfully.
2025-03-19 22:19:56,647 INFO Average True Range (window=14) calculated successfully.
2025-03-19 22:19:56,650 INFO Bollinger Bands (window=20, std_dev=2) calculated successfully.
2025-03-19 22:19:56,652 INFO Moving Average (window=20) calculated successfully.
2025-03-19 22:19:56,654 INFO Exponential Moving Average (window=20) calculated successfully.
2025-03-19 22:19:56,654 INFO Generating rule-based signals...
2025-03-19 22:19:56,657 INFO Rule-based signals generated successfully.
2025-03-19 22:19:56,658 INFO Columns after signal generation: ['Date', 'Close', 'High', 'Low', 'Open', 'Volume', 'RSI', 'MACD', 'MACD_Signal', 'MACD_Hist', 'ATR', 'BB_High', 'BB_Low', 'BB_Mid', 'MA_20', 'EMA_20', 'Rule_Signal', 'Signal']
2025-03-19 22:19:56,659 INFO Applying feature engineering (creating lagged features)...
2025-03-19 22:19:56,661 INFO Higher Highs and Lower Lows identified successfully.
2025-03-19 22:19:56,663 INFO Double Top pattern identified successfully.
2025-03-19 22:19:56,665 INFO Head and Shoulders pattern identified successfully.
2025-03-19 22:19:56,667 INFO Triple Bottom pattern identified successfully.
2025-03-19 22:19:56,670 INFO Cup and Handle pattern identified successfully.
2025-03-19 22:19:56,672 INFO Bullish Engulfing pattern identified successfully.
2025-03-19 22:19:56,675 INFO Bearish Engulfing pattern identified successfully.
2025-03-19 22:19:56,676 INFO Morning Star pattern identified successfully.
2025-03-19 22:19:56,678 INFO Evening Star pattern identified successfully.
2025-03-19 22:19:56,679 INFO Hammer pattern identified successfully.
2025-03-19 22:19:56,686 INFO Shooting Star pattern identified successfully.
2025-03-19 22:19:56,688 INFO RSI Divergence identified successfully.
2025-03-19 22:19:56,692 INFO Bollinger Band Squeeze identified successfully.
2025-03-19 22:19:56,694 INFO Moving Average Crossover identified successfully.
2025-03-19 22:19:56,699 INFO ADX Trend Strength identified successfully.
2025-03-19 22:19:56,702 INFO Stochastic Oscillator identified successfully.
2025-03-19 22:19:56,706 INFO Pennant pattern identified successfully.
2025-03-19 22:19:56,709 INFO Flag pattern identified successfully.
2025-03-19 22:19:56,710 INFO Wedge pattern identified successfully.
2025-03-19 22:19:56,714 INFO Triangle pattern identified successfully.
2025-03-19 22:19:56,715 INFO Patterns added successfully.
2025-03-19 22:19:56,716 INFO Moving Average (window=20) calculated successfully.
2025-03-19 22:19:56,717 INFO Exponential Moving Average (window=20) calculated successfully.
2025-03-19 22:19:56,720 INFO Relative Strength Index (window=14) calculated successfully as RSI.
2025-03-19 22:19:56,722 INFO Bollinger Bands (window=20, std_dev=2) calculated successfully.
2025-03-19 22:19:56,724 INFO MACD (slow=26, fast=12, sign=9) calculated successfully.
2025-03-19 22:19:56,727 INFO Average True Range (window=14) calculated successfully.
2025-03-19 22:19:56,730 INFO Stochastic Oscillator (window=14, smooth_window=3) calculated successfully.
2025-03-19 22:19:56,735 INFO Commodity Channel Index (window=20) calculated successfully.
2025-03-19 22:19:56,738 INFO Ichimoku Cloud (window1=9, window2=26, window3=52) calculated successfully.
2025-03-19 22:19:56,740 INFO Aroon Indicator (window=25) calculated successfully.
2025-03-19 22:19:56,766 INFO Parabolic SAR (acceleration=0.02, maximum=0.2) calculated successfully.
2025-03-19 22:19:56,768 INFO Volume Weighted Average Price (window=14) calculated successfully.
2025-03-19 22:19:56,770 INFO On-Balance Volume calculated successfully.
2025-03-19 22:19:56,776 INFO Money Flow Index (window=14) calculated successfully.
2025-03-19 22:19:56,777 INFO Chaikin Money Flow (window=20) calculated successfully.
2025-03-19 22:19:56,780 INFO Ease of Movement (window=14) calculated successfully.
2025-03-19 22:19:56,782 INFO Accumulation/Distribution Index calculated successfully.
2025-03-19 22:19:56,785 INFO Ultimate Oscillator (short_window=7, long_window=14) calculated successfully.
2025-03-19 22:19:56,786 INFO Indicators added successfully.
2025-03-19 22:19:56,790 INFO Missing values handled successfully.
2025-03-19 22:19:56,803 INFO Lagged features created successfully.
2025-03-19 22:19:56,812 INFO Data normalised successfully.
2025-03-19 22:19:56,815 INFO Feature engineering completed successfully.
2025-03-19 22:19:56,816 INFO Training model on engineered data...
2025-03-19 22:19:56,908 INFO Model trained successfully with accuracy: 1.00
2025-03-19 22:19:56,923 INFO Model signals applied successfully.
2025-03-19 22:19:56,926 INFO Consensus signal generated successfully.
2025-03-19 22:19:56,942 INFO Backtesting completed successfully.
2025-03-19 22:19:56,944 INFO Rule-Based Signal Accuracy: 1.00
2025-03-19 22:19:56,945 INFO Model-Based Signal Accuracy: 1.00
2025-03-19 22:19:56,946 INFO Rule-based accuracy: 1.00, Model accuracy: 1.00
2025-03-19 22:20:01,693 INFO Buy/Sell signals plotted for ['AAPL']
2025-03-19 22:20:02,909 INFO Backtesting balance plotted for ['AAPL']
2025-03-19 22:20:02,910 INFO Running forecasting model (LSTM)...
2025-03-19 22:20:04,368 INFO LSTM Epoch 0/50, Loss: 0.5077284574508667
2025-03-19 22:20:04,388 INFO LSTM Epoch 10/50, Loss: 0.43816402554512024
2025-03-19 22:20:04,406 INFO LSTM Epoch 20/50, Loss: 0.37110498547554016
2025-03-19 22:20:04,427 INFO LSTM Epoch 30/50, Loss: 0.3054415285587311
2025-03-19 22:20:04,446 INFO LSTM Epoch 40/50, Loss: 0.24149885773658752
2025-03-19 22:20:04,467 INFO LSTM forecasting completed successfully.
2025-03-19 22:20:04,469 INFO Running forecasting model (GRU)...
2025-03-19 22:20:04,479 INFO GRU Epoch 0/50, Loss: 0.31774240732192993
2025-03-19 22:20:04,498 INFO GRU Epoch 10/50, Loss: 0.244267538189888
2025-03-19 22:20:04,517 INFO GRU Epoch 20/50, Loss: 0.18177840113639832
2025-03-19 22:20:04,535 INFO GRU Epoch 30/50, Loss: 0.13076786696910858
2025-03-19 22:20:04,553 INFO GRU Epoch 40/50, Loss: 0.09294657409191132
2025-03-19 22:20:04,611 ERROR Error making GRU predictions: mat1 and mat2 shapes cannot be multiplied (1x1 and 64x1)
2025-03-19 22:20:04,613 ERROR Error running GRU forecaster: mat1 and mat2 shapes cannot be multiplied (1x1 and 64x1)
2025-03-19 22:20:04,614 INFO Running forecasting model (ARIMA)...
2025-03-19 22:20:04,697 INFO ARIMA model trained successfully.
2025-03-19 22:20:04,711 INFO ARIMA forecasting completed successfully.
2025-03-19 22:20:04,718 INFO Running forecasting model (HoltWinters)...
2025-03-19 22:20:04,811 INFO Holt–Winters model trained successfully.
2025-03-19 22:20:04,816 INFO HoltWinters forecasting completed successfully.
2025-03-19 22:20:04,817 INFO Running forecasting model (LinearRegression)...
2025-03-19 22:20:04,819 INFO Linear Regression model trained successfully.
2025-03-19 22:20:04,821 INFO LinearRegression forecasting completed successfully.
2025-03-19 22:20:04,822 ERROR Error in risk management: 'volume'
2025-03-19 22:20:04,825 INFO Resistance levels (window=20) calculated successfully.
2025-03-19 22:20:04,828 INFO Support levels (window=20) calculated successfully.
2025-03-19 22:20:04,833 INFO Volatility (window=20) calculated successfully.
2025-03-19 22:20:04,835 INFO Volume moving average (window=20) calculated successfully.
2025-03-19 22:20:04,836 WARNING Data for AAPL is missing. Skipping.
2025-03-19 22:20:04,837 WARNING Data for AAPL is missing. Skipping.
2025-03-19 22:20:04,839 INFO Stock screening results: {'short_term': {}, 'long_term': {}}
2025-03-19 22:20:04,840 INFO Generating trade execution report...
2025-03-19 22:20:25,071 INFO Forecasts plotted for AAPL
2025-03-19 22:20:25,074 INFO Report saved at: reports\report_2025-03-19_22-20-04.xlsx
2025-03-19 22:20:25,076 INFO Trading pipeline completed successfully!
2025-03-19 22:22:51,276 INFO Starting trading pipeline...
2025-03-19 22:22:51,277 INFO Fetching data for ['AAPL'] from 2022-01-01 to 2022-12-31...
2025-03-19 22:22:51,616 INFO Data loaded successfully from Yahoo Finance for ['AAPL'] from 2022-01-01 to 2022-12-31
2025-03-19 22:22:51,618 INFO           Date       Close        High         Low        Open     Volume
0   2022-01-03  178.879898  179.734947  174.653859  174.771790  104487900
1   2022-01-04  176.609619  179.793905  176.039592  179.489238   99310400
2   2022-01-05  171.911865  177.071580  171.636682  176.521213   94537600
3   2022-01-06  169.042053  172.285305  168.688244  169.730012   96904000
4   2022-01-07  169.209122  171.145244  168.088727  169.916741   86709100
..         ...         ...         ...         ...         ...        ...
246 2022-12-23  130.344498  130.898059  128.150012  129.415299   63814900
247 2022-12-27  128.535522  129.899667  127.240581  129.870013   69007800
248 2022-12-28  124.591377  129.524023  124.423333  128.179654   85438400
249 2022-12-29  128.120361  128.980357  126.261971  126.518978   75703700
250 2022-12-30  128.436630  128.456405  125.965372  126.934111   77034200

[251 rows x 6 columns]
2025-03-19 22:22:51,626 INFO No missing values found.
2025-03-19 22:22:51,629 INFO No duplicate rows found.
2025-03-19 22:22:51,631 INFO Data types:
Date      datetime64[ns]
Close            float64
High             float64
Low              float64
Open             float64
Volume             int64
dtype: object
2025-03-19 22:22:51,646 INFO Data statistical summary:
                                Date       Close        High         Low        Open        Volume
count                            251  251.000000  251.000000  251.000000  251.000000  2.510000e+02
mean   2022-07-02 15:23:39.920318720  152.607555  154.650546  150.494616  152.575786  8.791038e+07
min              2022-01-03 00:00:00  124.591377  128.456405  124.423333  126.518978  3.519590e+07
25%              2022-04-02 12:00:00  142.799400  144.964520  140.376146  142.454336  7.229740e+07
50%              2022-07-05 00:00:00  151.855774  153.570582  149.736973  151.776943  8.373720e+07
75%              2022-10-01 12:00:00  163.372047  165.754608  161.384480  163.704360  9.693705e+07
max              2022-12-30 00:00:00  178.879898  179.793905  176.039592  179.489238  1.826020e+08
std                              NaN   12.697922   12.575340   12.753979   12.705786  2.365699e+07
2025-03-19 22:22:51,651 WARNING Outliers found:
Date       0
Close      0
High       0
Low        0
Open       0
Volume    14
dtype: int64
2025-03-19 22:22:51,653 INFO Calculating technical indicators...
2025-03-19 22:22:51,655 INFO Relative Strength Index (window=14) calculated successfully as RSI.
2025-03-19 22:22:51,658 INFO MACD (slow=26, fast=12, sign=9) calculated successfully.
2025-03-19 22:22:51,662 INFO Average True Range (window=14) calculated successfully.
2025-03-19 22:22:51,664 INFO Bollinger Bands (window=20, std_dev=2) calculated successfully.
2025-03-19 22:22:51,666 INFO Moving Average (window=20) calculated successfully.
2025-03-19 22:22:51,667 INFO Exponential Moving Average (window=20) calculated successfully.
2025-03-19 22:22:51,668 INFO Generating rule-based signals...
2025-03-19 22:22:51,670 INFO Rule-based signals generated successfully.
2025-03-19 22:22:51,672 INFO Columns after signal generation: ['Date', 'Close', 'High', 'Low', 'Open', 'Volume', 'RSI', 'MACD', 'MACD_Signal', 'MACD_Hist', 'ATR', 'BB_High', 'BB_Low', 'BB_Mid', 'MA_20', 'EMA_20', 'Rule_Signal', 'Signal']
2025-03-19 22:22:51,673 INFO Applying feature engineering (creating lagged features)...
2025-03-19 22:22:51,676 INFO Higher Highs and Lower Lows identified successfully.
2025-03-19 22:22:51,678 INFO Double Top pattern identified successfully.
2025-03-19 22:22:51,681 INFO Head and Shoulders pattern identified successfully.
2025-03-19 22:22:51,682 INFO Triple Bottom pattern identified successfully.
2025-03-19 22:22:51,684 INFO Cup and Handle pattern identified successfully.
2025-03-19 22:22:51,688 INFO Bullish Engulfing pattern identified successfully.
2025-03-19 22:22:51,690 INFO Bearish Engulfing pattern identified successfully.
2025-03-19 22:22:51,692 INFO Morning Star pattern identified successfully.
2025-03-19 22:22:51,694 INFO Evening Star pattern identified successfully.
2025-03-19 22:22:51,696 INFO Hammer pattern identified successfully.
2025-03-19 22:22:51,697 INFO Shooting Star pattern identified successfully.
2025-03-19 22:22:51,701 INFO RSI Divergence identified successfully.
2025-03-19 22:22:51,703 INFO Bollinger Band Squeeze identified successfully.
2025-03-19 22:22:51,706 INFO Moving Average Crossover identified successfully.
2025-03-19 22:22:51,712 INFO ADX Trend Strength identified successfully.
2025-03-19 22:22:51,715 INFO Stochastic Oscillator identified successfully.
2025-03-19 22:22:51,717 INFO Pennant pattern identified successfully.
2025-03-19 22:22:51,720 INFO Flag pattern identified successfully.
2025-03-19 22:22:51,723 INFO Wedge pattern identified successfully.
2025-03-19 22:22:51,724 INFO Triangle pattern identified successfully.
2025-03-19 22:22:51,726 INFO Patterns added successfully.
2025-03-19 22:22:51,727 INFO Moving Average (window=20) calculated successfully.
2025-03-19 22:22:51,728 INFO Exponential Moving Average (window=20) calculated successfully.
2025-03-19 22:22:51,731 INFO Relative Strength Index (window=14) calculated successfully as RSI.
2025-03-19 22:22:51,733 INFO Bollinger Bands (window=20, std_dev=2) calculated successfully.
2025-03-19 22:22:51,735 INFO MACD (slow=26, fast=12, sign=9) calculated successfully.
2025-03-19 22:22:51,738 INFO Average True Range (window=14) calculated successfully.
2025-03-19 22:22:51,740 INFO Stochastic Oscillator (window=14, smooth_window=3) calculated successfully.
2025-03-19 22:22:51,744 INFO Commodity Channel Index (window=20) calculated successfully.
2025-03-19 22:22:51,750 INFO Ichimoku Cloud (window1=9, window2=26, window3=52) calculated successfully.
2025-03-19 22:22:51,752 INFO Aroon Indicator (window=25) calculated successfully.
2025-03-19 22:22:51,777 INFO Parabolic SAR (acceleration=0.02, maximum=0.2) calculated successfully.
2025-03-19 22:22:51,780 INFO Volume Weighted Average Price (window=14) calculated successfully.
2025-03-19 22:22:51,782 INFO On-Balance Volume calculated successfully.
2025-03-19 22:22:51,787 INFO Money Flow Index (window=14) calculated successfully.
2025-03-19 22:22:51,790 INFO Chaikin Money Flow (window=20) calculated successfully.
2025-03-19 22:22:51,793 INFO Ease of Movement (window=14) calculated successfully.
2025-03-19 22:22:51,795 INFO Accumulation/Distribution Index calculated successfully.
2025-03-19 22:22:51,799 INFO Ultimate Oscillator (short_window=7, long_window=14) calculated successfully.
2025-03-19 22:22:51,801 INFO Indicators added successfully.
2025-03-19 22:22:51,805 INFO Missing values handled successfully.
2025-03-19 22:22:51,821 INFO Lagged features created successfully.
2025-03-19 22:22:51,830 INFO Data normalised successfully.
2025-03-19 22:22:51,835 INFO Feature engineering completed successfully.
2025-03-19 22:22:51,836 INFO Training model on engineered data...
2025-03-19 22:22:51,934 INFO Model trained successfully with accuracy: 1.00
2025-03-19 22:22:51,948 INFO Model signals applied successfully.
2025-03-19 22:22:51,951 INFO Consensus signal generated successfully.
2025-03-19 22:22:51,968 INFO Backtesting completed successfully.
2025-03-19 22:22:51,971 INFO Rule-Based Signal Accuracy: 1.00
2025-03-19 22:22:51,973 INFO Model-Based Signal Accuracy: 1.00
2025-03-19 22:22:51,974 INFO Rule-based accuracy: 1.00, Model accuracy: 1.00
2025-03-19 22:23:17,862 INFO Buy/Sell signals plotted for ['AAPL']
2025-03-19 22:23:18,803 INFO Backtesting balance plotted for ['AAPL']
2025-03-19 22:23:18,803 INFO Running forecasting model (LSTM)...
2025-03-19 22:23:20,900 INFO LSTM Epoch 0/50, Loss: 0.3699219226837158
2025-03-19 22:23:20,923 INFO LSTM Epoch 10/50, Loss: 0.3164364695549011
2025-03-19 22:23:20,944 INFO LSTM Epoch 20/50, Loss: 0.2662406861782074
2025-03-19 22:23:20,962 INFO LSTM Epoch 30/50, Loss: 0.21731717884540558
2025-03-19 22:23:20,981 INFO LSTM Epoch 40/50, Loss: 0.16985401511192322
2025-03-19 22:23:21,005 INFO LSTM forecasting completed successfully.
2025-03-19 22:23:21,007 INFO Running forecasting model (GRU)...
2025-03-19 22:23:21,016 INFO GRU Epoch 0/50, Loss: 0.24865010380744934
2025-03-19 22:23:21,036 INFO GRU Epoch 10/50, Loss: 0.18770459294319153
2025-03-19 22:23:21,055 INFO GRU Epoch 20/50, Loss: 0.13719262182712555
2025-03-19 22:23:21,073 INFO GRU Epoch 30/50, Loss: 0.09805741161108017
2025-03-19 22:23:21,092 INFO GRU Epoch 40/50, Loss: 0.07278192788362503
2025-03-19 22:23:21,109 ERROR Error making GRU predictions: GRU: Expected input to be 2D or 3D, got 4D instead
2025-03-19 22:23:21,110 ERROR Error running GRU forecaster: GRU: Expected input to be 2D or 3D, got 4D instead
2025-03-19 22:23:21,111 INFO Running forecasting model (ARIMA)...
2025-03-19 22:23:21,189 INFO ARIMA model trained successfully.
2025-03-19 22:23:21,199 INFO ARIMA forecasting completed successfully.
2025-03-19 22:23:21,200 INFO Running forecasting model (HoltWinters)...
2025-03-19 22:23:21,281 INFO Holt–Winters model trained successfully.
2025-03-19 22:23:21,286 INFO HoltWinters forecasting completed successfully.
2025-03-19 22:23:21,287 INFO Running forecasting model (LinearRegression)...
2025-03-19 22:23:21,290 INFO Linear Regression model trained successfully.
2025-03-19 22:23:21,292 INFO LinearRegression forecasting completed successfully.
2025-03-19 22:23:21,293 ERROR Error in risk management: 'volume'
2025-03-19 22:23:21,297 INFO Resistance levels (window=20) calculated successfully.
2025-03-19 22:23:21,300 INFO Support levels (window=20) calculated successfully.
2025-03-19 22:23:21,303 INFO Volatility (window=20) calculated successfully.
2025-03-19 22:23:21,307 INFO Volume moving average (window=20) calculated successfully.
2025-03-19 22:23:21,307 WARNING Data for AAPL is missing. Skipping.
2025-03-19 22:23:21,308 WARNING Data for AAPL is missing. Skipping.
2025-03-19 22:23:21,310 INFO Stock screening results: {'short_term': {}, 'long_term': {}}
2025-03-19 22:23:21,311 INFO Generating trade execution report...
2025-03-19 22:26:25,384 INFO Starting trading pipeline...
2025-03-19 22:26:25,385 INFO Fetching data for ['AAPL'] from 2022-01-01 to 2022-12-31...
2025-03-19 22:26:25,733 INFO Data loaded successfully from Yahoo Finance for ['AAPL'] from 2022-01-01 to 2022-12-31
2025-03-19 22:26:25,734 INFO           Date       Close        High         Low        Open     Volume
0   2022-01-03  178.879898  179.734947  174.653859  174.771790  104487900
1   2022-01-04  176.609634  179.793920  176.039607  179.489254   99310400
2   2022-01-05  171.911865  177.071580  171.636682  176.521213   94537600
3   2022-01-06  169.042084  172.285336  168.688274  169.730043   96904000
4   2022-01-07  169.209152  171.145275  168.088758  169.916771   86709100
..         ...         ...         ...         ...         ...        ...
246 2022-12-23  130.344482  130.898044  128.149997  129.415284   63814900
247 2022-12-27  128.535522  129.899667  127.240581  129.870013   69007800
248 2022-12-28  124.591377  129.524023  124.423333  128.179654   85438400
249 2022-12-29  128.120346  128.980342  126.261956  126.518963   75703700
250 2022-12-30  128.436661  128.456435  125.965402  126.934142   77034200

[251 rows x 6 columns]
2025-03-19 22:26:25,743 INFO No missing values found.
2025-03-19 22:26:25,746 INFO No duplicate rows found.
2025-03-19 22:26:25,750 INFO Data types:
Date      datetime64[ns]
Close            float64
High             float64
Low              float64
Open             float64
Volume             int64
dtype: object
2025-03-19 22:26:25,767 INFO Data statistical summary:
                                Date       Close        High         Low        Open        Volume
count                            251  251.000000  251.000000  251.000000  251.000000  2.510000e+02
mean   2022-07-02 15:23:39.920318720  152.607555  154.650546  150.494616  152.575786  8.791038e+07
min              2022-01-03 00:00:00  124.591377  128.456435  124.423333  126.518963  3.519590e+07
25%              2022-04-02 12:00:00  142.799370  144.964497  140.376131  142.454336  7.229740e+07
50%              2022-07-05 00:00:00  151.855804  153.570566  149.736958  151.776943  8.373720e+07
75%              2022-10-01 12:00:00  163.372040  165.754608  161.384465  163.704360  9.693705e+07
max              2022-12-30 00:00:00  178.879898  179.793920  176.039607  179.489254  1.826020e+08
std                              NaN   12.697924   12.575342   12.753981   12.705788  2.365699e+07
2025-03-19 22:26:25,772 WARNING Outliers found:
Date       0
Close      0
High       0
Low        0
Open       0
Volume    14
dtype: int64
2025-03-19 22:26:25,774 INFO Calculating technical indicators...
2025-03-19 22:26:25,778 INFO Relative Strength Index (window=14) calculated successfully as RSI.
2025-03-19 22:26:25,780 INFO MACD (slow=26, fast=12, sign=9) calculated successfully.
2025-03-19 22:26:25,783 INFO Average True Range (window=14) calculated successfully.
2025-03-19 22:26:25,785 INFO Bollinger Bands (window=20, std_dev=2) calculated successfully.
2025-03-19 22:26:25,788 INFO Moving Average (window=20) calculated successfully.
2025-03-19 22:26:25,789 INFO Exponential Moving Average (window=20) calculated successfully.
2025-03-19 22:26:25,790 INFO Generating rule-based signals...
2025-03-19 22:26:25,793 INFO Rule-based signals generated successfully.
2025-03-19 22:26:25,797 INFO Columns after signal generation: ['Date', 'Close', 'High', 'Low', 'Open', 'Volume', 'RSI', 'MACD', 'MACD_Signal', 'MACD_Hist', 'ATR', 'BB_High', 'BB_Low', 'BB_Mid', 'MA_20', 'EMA_20', 'Rule_Signal', 'Signal']
2025-03-19 22:26:25,798 INFO Applying feature engineering (creating lagged features)...
2025-03-19 22:26:25,801 INFO Higher Highs and Lower Lows identified successfully.
2025-03-19 22:26:25,803 INFO Double Top pattern identified successfully.
2025-03-19 22:26:25,806 INFO Head and Shoulders pattern identified successfully.
2025-03-19 22:26:25,809 INFO Triple Bottom pattern identified successfully.
2025-03-19 22:26:25,811 INFO Cup and Handle pattern identified successfully.
2025-03-19 22:26:25,814 INFO Bullish Engulfing pattern identified successfully.
2025-03-19 22:26:25,816 INFO Bearish Engulfing pattern identified successfully.
2025-03-19 22:26:25,818 INFO Morning Star pattern identified successfully.
2025-03-19 22:26:25,821 INFO Evening Star pattern identified successfully.
2025-03-19 22:26:25,823 INFO Hammer pattern identified successfully.
2025-03-19 22:26:25,825 INFO Shooting Star pattern identified successfully.
2025-03-19 22:26:25,828 INFO RSI Divergence identified successfully.
2025-03-19 22:26:25,831 INFO Bollinger Band Squeeze identified successfully.
2025-03-19 22:26:25,833 INFO Moving Average Crossover identified successfully.
2025-03-19 22:26:25,841 INFO ADX Trend Strength identified successfully.
2025-03-19 22:26:25,845 INFO Stochastic Oscillator identified successfully.
2025-03-19 22:26:25,847 INFO Pennant pattern identified successfully.
2025-03-19 22:26:25,850 INFO Flag pattern identified successfully.
2025-03-19 22:26:25,852 INFO Wedge pattern identified successfully.
2025-03-19 22:26:25,859 INFO Triangle pattern identified successfully.
2025-03-19 22:26:25,860 INFO Patterns added successfully.
2025-03-19 22:26:25,867 INFO Moving Average (window=20) calculated successfully.
2025-03-19 22:26:25,868 INFO Exponential Moving Average (window=20) calculated successfully.
2025-03-19 22:26:25,871 INFO Relative Strength Index (window=14) calculated successfully as RSI.
2025-03-19 22:26:25,874 INFO Bollinger Bands (window=20, std_dev=2) calculated successfully.
2025-03-19 22:26:25,875 INFO MACD (slow=26, fast=12, sign=9) calculated successfully.
2025-03-19 22:26:25,879 INFO Average True Range (window=14) calculated successfully.
2025-03-19 22:26:25,882 INFO Stochastic Oscillator (window=14, smooth_window=3) calculated successfully.
2025-03-19 22:26:25,887 INFO Commodity Channel Index (window=20) calculated successfully.
2025-03-19 22:26:25,891 INFO Ichimoku Cloud (window1=9, window2=26, window3=52) calculated successfully.
2025-03-19 22:26:25,895 INFO Aroon Indicator (window=25) calculated successfully.
2025-03-19 22:26:25,921 INFO Parabolic SAR (acceleration=0.02, maximum=0.2) calculated successfully.
2025-03-19 22:26:25,924 INFO Volume Weighted Average Price (window=14) calculated successfully.
2025-03-19 22:26:25,925 INFO On-Balance Volume calculated successfully.
2025-03-19 22:26:25,932 INFO Money Flow Index (window=14) calculated successfully.
2025-03-19 22:26:25,934 INFO Chaikin Money Flow (window=20) calculated successfully.
2025-03-19 22:26:25,937 INFO Ease of Movement (window=14) calculated successfully.
2025-03-19 22:26:25,940 INFO Accumulation/Distribution Index calculated successfully.
2025-03-19 22:26:25,944 INFO Ultimate Oscillator (short_window=7, long_window=14) calculated successfully.
2025-03-19 22:26:25,945 INFO Indicators added successfully.
2025-03-19 22:26:25,949 INFO Missing values handled successfully.
2025-03-19 22:26:25,965 INFO Lagged features created successfully.
2025-03-19 22:26:25,979 INFO Data normalised successfully.
2025-03-19 22:26:25,986 INFO Feature engineering completed successfully.
2025-03-19 22:26:25,987 INFO Training model on engineered data...
2025-03-19 22:26:26,089 INFO Model trained successfully with accuracy: 1.00
2025-03-19 22:26:26,113 INFO Model signals applied successfully.
2025-03-19 22:26:26,117 INFO Consensus signal generated successfully.
2025-03-19 22:26:26,144 INFO Backtesting completed successfully.
2025-03-19 22:26:26,147 INFO Rule-Based Signal Accuracy: 1.00
2025-03-19 22:26:26,149 INFO Model-Based Signal Accuracy: 1.00
2025-03-19 22:26:26,150 INFO Rule-based accuracy: 1.00, Model accuracy: 1.00
2025-03-19 22:26:28,531 INFO Buy/Sell signals plotted for ['AAPL']
2025-03-19 22:26:31,680 INFO Backtesting balance plotted for ['AAPL']
2025-03-19 22:26:31,693 INFO Running forecasting model (LSTM)...
2025-03-19 22:26:32,546 INFO LSTM Epoch 0/50, Loss: 0.4967801868915558
2025-03-19 22:26:32,567 INFO LSTM Epoch 10/50, Loss: 0.43900221586227417
2025-03-19 22:26:32,591 INFO LSTM Epoch 20/50, Loss: 0.3849393427371979
2025-03-19 22:26:32,607 INFO LSTM Epoch 30/50, Loss: 0.33030033111572266
2025-03-19 22:26:32,625 INFO LSTM Epoch 40/50, Loss: 0.27288734912872314
2025-03-19 22:26:32,642 ERROR Error making LSTM predictions: LSTM: Expected input to be 2D or 3D, got 4D instead
2025-03-19 22:26:32,644 ERROR Error running LSTM forecaster: LSTM: Expected input to be 2D or 3D, got 4D instead
2025-03-19 22:26:32,645 INFO Running forecasting model (GRU)...
2025-03-19 22:26:32,653 INFO GRU Epoch 0/50, Loss: 0.2732519507408142
2025-03-19 22:26:32,675 INFO GRU Epoch 10/50, Loss: 0.21098394691944122
2025-03-19 22:26:32,697 INFO GRU Epoch 20/50, Loss: 0.1570260375738144
2025-03-19 22:26:32,719 INFO GRU Epoch 30/50, Loss: 0.11225169897079468
2025-03-19 22:26:32,740 INFO GRU Epoch 40/50, Loss: 0.08023696392774582
2025-03-19 22:26:32,758 ERROR Error making GRU predictions: GRU: Expected input to be 2D or 3D, got 4D instead
2025-03-19 22:26:32,759 ERROR Error running GRU forecaster: GRU: Expected input to be 2D or 3D, got 4D instead
2025-03-19 22:26:32,760 INFO Running forecasting model (ARIMA)...
2025-03-19 22:26:32,842 INFO ARIMA model trained successfully.
2025-03-19 22:26:32,852 INFO ARIMA forecasting completed successfully.
2025-03-19 22:26:32,854 INFO Running forecasting model (HoltWinters)...
2025-03-19 22:26:32,944 INFO Holt–Winters model trained successfully.
2025-03-19 22:26:32,950 INFO HoltWinters forecasting completed successfully.
2025-03-19 22:26:32,950 INFO Running forecasting model (LinearRegression)...
2025-03-19 22:26:32,953 INFO Linear Regression model trained successfully.
2025-03-19 22:26:32,955 INFO LinearRegression forecasting completed successfully.
2025-03-19 22:26:32,956 ERROR Error in risk management: 'volume'
2025-03-19 22:26:32,960 INFO Resistance levels (window=20) calculated successfully.
2025-03-19 22:26:32,962 INFO Support levels (window=20) calculated successfully.
2025-03-19 22:26:32,966 INFO Volatility (window=20) calculated successfully.
2025-03-19 22:26:32,969 INFO Volume moving average (window=20) calculated successfully.
2025-03-19 22:26:32,970 WARNING Data for AAPL is missing. Skipping.
2025-03-19 22:26:32,971 WARNING Data for AAPL is missing. Skipping.
2025-03-19 22:26:32,973 INFO Stock screening results: {'short_term': {}, 'long_term': {}}
2025-03-19 22:26:32,974 INFO Generating trade execution report...
2025-03-19 22:27:02,329 INFO Forecasts plotted for AAPL
2025-03-19 22:27:02,330 INFO Report saved at: reports\report_2025-03-19_22-26-32.xlsx
2025-03-19 22:27:02,332 INFO Trading pipeline completed successfully!
2025-03-19 22:29:45,686 INFO Starting trading pipeline...
2025-03-19 22:29:45,688 INFO Fetching data for ['AAPL'] from 2022-01-01 to 2022-12-31...
2025-03-19 22:29:46,098 INFO Data loaded successfully from Yahoo Finance for ['AAPL'] from 2022-01-01 to 2022-12-31
2025-03-19 22:29:46,106 INFO           Date       Close        High         Low        Open     Volume
0   2022-01-03  178.879913  179.734962  174.653874  174.771805  104487900
1   2022-01-04  176.609619  179.793905  176.039592  179.489238   99310400
2   2022-01-05  171.911865  177.071580  171.636682  176.521213   94537600
3   2022-01-06  169.042084  172.285336  168.688274  169.730043   96904000
4   2022-01-07  169.209122  171.145244  168.088727  169.916741   86709100
..         ...         ...         ...         ...         ...        ...
246 2022-12-23  130.344498  130.898059  128.150012  129.415299   63814900
247 2022-12-27  128.535522  129.899667  127.240581  129.870013   69007800
248 2022-12-28  124.591377  129.524023  124.423333  128.179654   85438400
249 2022-12-29  128.120361  128.980357  126.261971  126.518978   75703700
250 2022-12-30  128.436646  128.456420  125.965387  126.934126   77034200

[251 rows x 6 columns]
2025-03-19 22:29:46,122 INFO No missing values found.
2025-03-19 22:29:46,138 INFO No duplicate rows found.
2025-03-19 22:29:46,152 INFO Data types:
Date      datetime64[ns]
Close            float64
High             float64
Low              float64
Open             float64
Volume             int64
dtype: object
2025-03-19 22:29:46,178 INFO Data statistical summary:
                                Date       Close        High         Low        Open        Volume
count                            251  251.000000  251.000000  251.000000  251.000000  2.510000e+02
mean   2022-07-02 15:23:39.920318720  152.607555  154.650546  150.494616  152.575786  8.791038e+07
min              2022-01-03 00:00:00  124.591377  128.456420  124.423333  126.518978  3.519590e+07
25%              2022-04-02 12:00:00  142.799408  144.964513  140.376138  142.454359  7.229740e+07
50%              2022-07-05 00:00:00  151.855789  153.570566  149.736973  151.776959  8.373720e+07
75%              2022-10-01 12:00:00  163.372025  165.754600  161.384449  163.704375  9.693705e+07
max              2022-12-30 00:00:00  178.879913  179.793905  176.039592  179.489238  1.826020e+08
std                              NaN   12.697922   12.575340   12.753979   12.705786  2.365699e+07
2025-03-19 22:29:46,185 WARNING Outliers found:
Date       0
Close      0
High       0
Low        0
Open       0
Volume    14
dtype: int64
2025-03-19 22:29:46,198 INFO Calculating technical indicators...
2025-03-19 22:29:46,214 INFO Relative Strength Index (window=14) calculated successfully as RSI.
2025-03-19 22:29:46,230 INFO MACD (slow=26, fast=12, sign=9) calculated successfully.
2025-03-19 22:29:46,247 INFO Average True Range (window=14) calculated successfully.
2025-03-19 22:29:46,263 INFO Bollinger Bands (window=20, std_dev=2) calculated successfully.
2025-03-19 22:29:46,278 INFO Moving Average (window=20) calculated successfully.
2025-03-19 22:29:46,292 INFO Exponential Moving Average (window=20) calculated successfully.
2025-03-19 22:29:46,303 INFO Generating rule-based signals...
2025-03-19 22:29:46,306 INFO Rule-based signals generated successfully.
2025-03-19 22:29:46,324 INFO Columns after signal generation: ['Date', 'Close', 'High', 'Low', 'Open', 'Volume', 'RSI', 'MACD', 'MACD_Signal', 'MACD_Hist', 'ATR', 'BB_High', 'BB_Low', 'BB_Mid', 'MA_20', 'EMA_20', 'Rule_Signal', 'Signal']
2025-03-19 22:29:46,341 INFO Applying feature engineering (creating lagged features)...
2025-03-19 22:29:46,355 INFO Higher Highs and Lower Lows identified successfully.
2025-03-19 22:29:46,358 INFO Double Top pattern identified successfully.
2025-03-19 22:29:46,360 INFO Head and Shoulders pattern identified successfully.
2025-03-19 22:29:46,363 INFO Triple Bottom pattern identified successfully.
2025-03-19 22:29:46,366 INFO Cup and Handle pattern identified successfully.
2025-03-19 22:29:46,368 INFO Bullish Engulfing pattern identified successfully.
2025-03-19 22:29:46,369 INFO Bearish Engulfing pattern identified successfully.
2025-03-19 22:29:46,371 INFO Morning Star pattern identified successfully.
2025-03-19 22:29:46,377 INFO Evening Star pattern identified successfully.
2025-03-19 22:29:46,379 INFO Hammer pattern identified successfully.
2025-03-19 22:29:46,381 INFO Shooting Star pattern identified successfully.
2025-03-19 22:29:46,384 INFO RSI Divergence identified successfully.
2025-03-19 22:29:46,387 INFO Bollinger Band Squeeze identified successfully.
2025-03-19 22:29:46,390 INFO Moving Average Crossover identified successfully.
2025-03-19 22:29:46,395 INFO ADX Trend Strength identified successfully.
2025-03-19 22:29:46,398 INFO Stochastic Oscillator identified successfully.
2025-03-19 22:29:46,401 INFO Pennant pattern identified successfully.
2025-03-19 22:29:46,403 INFO Flag pattern identified successfully.
2025-03-19 22:29:46,406 INFO Wedge pattern identified successfully.
2025-03-19 22:29:46,408 INFO Triangle pattern identified successfully.
2025-03-19 22:29:46,409 INFO Patterns added successfully.
2025-03-19 22:29:46,411 INFO Moving Average (window=20) calculated successfully.
2025-03-19 22:29:46,412 INFO Exponential Moving Average (window=20) calculated successfully.
2025-03-19 22:29:46,415 INFO Relative Strength Index (window=14) calculated successfully as RSI.
2025-03-19 22:29:46,417 INFO Bollinger Bands (window=20, std_dev=2) calculated successfully.
2025-03-19 22:29:46,420 INFO MACD (slow=26, fast=12, sign=9) calculated successfully.
2025-03-19 22:29:46,423 INFO Average True Range (window=14) calculated successfully.
2025-03-19 22:29:46,426 INFO Stochastic Oscillator (window=14, smooth_window=3) calculated successfully.
2025-03-19 22:29:46,433 INFO Commodity Channel Index (window=20) calculated successfully.
2025-03-19 22:29:46,437 INFO Ichimoku Cloud (window1=9, window2=26, window3=52) calculated successfully.
2025-03-19 22:29:46,450 INFO Aroon Indicator (window=25) calculated successfully.
2025-03-19 22:29:46,477 INFO Parabolic SAR (acceleration=0.02, maximum=0.2) calculated successfully.
2025-03-19 22:29:46,479 INFO Volume Weighted Average Price (window=14) calculated successfully.
2025-03-19 22:29:46,480 INFO On-Balance Volume calculated successfully.
2025-03-19 22:29:46,489 INFO Money Flow Index (window=14) calculated successfully.
2025-03-19 22:29:46,491 INFO Chaikin Money Flow (window=20) calculated successfully.
2025-03-19 22:29:46,493 INFO Ease of Movement (window=14) calculated successfully.
2025-03-19 22:29:46,496 INFO Accumulation/Distribution Index calculated successfully.
2025-03-19 22:29:46,499 INFO Ultimate Oscillator (short_window=7, long_window=14) calculated successfully.
2025-03-19 22:29:46,501 INFO Indicators added successfully.
2025-03-19 22:29:46,504 INFO Missing values handled successfully.
2025-03-19 22:29:46,518 INFO Lagged features created successfully.
2025-03-19 22:29:46,527 INFO Data normalised successfully.
2025-03-19 22:29:46,531 INFO Feature engineering completed successfully.
2025-03-19 22:29:46,533 INFO Training model on engineered data...
2025-03-19 22:29:46,626 INFO Model trained successfully with accuracy: 1.00
2025-03-19 22:29:46,641 INFO Model signals applied successfully.
2025-03-19 22:29:46,645 INFO Consensus signal generated successfully.
2025-03-19 22:29:46,663 INFO Backtesting completed successfully.
2025-03-19 22:29:46,667 INFO Rule-Based Signal Accuracy: 1.00
2025-03-19 22:29:46,668 INFO Model-Based Signal Accuracy: 1.00
2025-03-19 22:29:46,669 INFO Rule-based accuracy: 1.00, Model accuracy: 1.00
2025-03-19 22:29:49,657 INFO Buy/Sell signals plotted for ['AAPL']
2025-03-19 22:29:50,659 INFO Backtesting balance plotted for ['AAPL']
2025-03-19 22:29:50,669 INFO Running forecasting model (LSTM)...
2025-03-19 22:29:52,046 INFO LSTM Epoch 0/50, Loss: 0.23237140476703644
2025-03-19 22:29:52,067 INFO LSTM Epoch 10/50, Loss: 0.18984514474868774
2025-03-19 22:29:52,088 INFO LSTM Epoch 20/50, Loss: 0.15077494084835052
2025-03-19 22:29:52,108 INFO LSTM Epoch 30/50, Loss: 0.11612709611654282
2025-03-19 22:29:52,128 INFO LSTM Epoch 40/50, Loss: 0.08822695165872574
2025-03-19 22:29:52,149 ERROR Error making predictions: LSTM: Expected input to be 2D or 3D, got 4D instead
2025-03-19 22:29:52,152 ERROR Error running LSTM forecaster: LSTM: Expected input to be 2D or 3D, got 4D instead
2025-03-19 22:29:52,153 INFO Running forecasting model (GRU)...
2025-03-19 22:29:52,162 INFO GRU Epoch 0/50, Loss: 0.30246293544769287
2025-03-19 22:29:52,183 INFO GRU Epoch 10/50, Loss: 0.23294976353645325
2025-03-19 22:29:52,201 INFO GRU Epoch 20/50, Loss: 0.17487527430057526
2025-03-19 22:29:52,219 INFO GRU Epoch 30/50, Loss: 0.12724237143993378
2025-03-19 22:29:52,237 INFO GRU Epoch 40/50, Loss: 0.09149523824453354
2025-03-19 22:29:52,252 ERROR Error making predictions: GRU: Expected input to be 2D or 3D, got 4D instead
2025-03-19 22:29:52,253 ERROR Error running GRU forecaster: GRU: Expected input to be 2D or 3D, got 4D instead
2025-03-19 22:29:52,255 INFO Running forecasting model (ARIMA)...
2025-03-19 22:29:52,332 INFO ARIMA model trained successfully.
2025-03-19 22:29:52,340 INFO ARIMA forecasting completed successfully.
2025-03-19 22:29:52,341 INFO Running forecasting model (HoltWinters)...
2025-03-19 22:29:52,419 INFO Holt–Winters model trained successfully.
2025-03-19 22:29:52,437 INFO HoltWinters forecasting completed successfully.
2025-03-19 22:29:52,448 INFO Running forecasting model (LinearRegression)...
2025-03-19 22:29:52,456 INFO Linear Regression model trained successfully.
2025-03-19 22:29:52,458 INFO LinearRegression forecasting completed successfully.
2025-03-19 22:29:52,459 ERROR Error in risk management: 'volume'
2025-03-19 22:29:52,464 INFO Resistance levels (window=20) calculated successfully.
2025-03-19 22:29:52,466 INFO Support levels (window=20) calculated successfully.
2025-03-19 22:29:52,469 INFO Volatility (window=20) calculated successfully.
2025-03-19 22:29:52,472 INFO Volume moving average (window=20) calculated successfully.
2025-03-19 22:29:52,473 WARNING Data for AAPL is missing. Skipping.
2025-03-19 22:29:52,474 WARNING Data for AAPL is missing. Skipping.
2025-03-19 22:29:52,475 INFO Stock screening results: {'short_term': {}, 'long_term': {}}
2025-03-19 22:29:52,477 INFO Generating trade execution report...
2025-03-19 22:30:36,831 INFO Forecasts plotted for AAPL
2025-03-19 22:30:36,832 INFO Report saved at: reports\report_2025-03-19_22-29-52.xlsx
2025-03-19 22:30:36,833 INFO Trading pipeline completed successfully!
2025-03-19 22:33:41,562 INFO Starting trading pipeline...
2025-03-19 22:33:41,563 INFO Fetching data for ['AAPL'] from 2022-01-01 to 2022-12-31...
2025-03-19 22:33:41,958 INFO Data loaded successfully from Yahoo Finance for ['AAPL'] from 2022-01-01 to 2022-12-31
2025-03-19 22:33:41,959 INFO           Date       Close        High         Low        Open     Volume
0   2022-01-03  178.879913  179.734962  174.653874  174.771805  104487900
1   2022-01-04  176.609634  179.793920  176.039607  179.489254   99310400
2   2022-01-05  171.911835  177.071549  171.636651  176.521181   94537600
3   2022-01-06  169.042084  172.285336  168.688274  169.730043   96904000
4   2022-01-07  169.209137  171.145259  168.088742  169.916756   86709100
..         ...         ...         ...         ...         ...        ...
246 2022-12-23  130.344467  130.898028  128.149982  129.415269   63814900
247 2022-12-27  128.535507  129.899651  127.240566  129.869997   69007800
248 2022-12-28  124.591377  129.524023  124.423333  128.179654   85438400
249 2022-12-29  128.120346  128.980342  126.261956  126.518963   75703700
250 2022-12-30  128.436646  128.456420  125.965387  126.934126   77034200

[251 rows x 6 columns]
2025-03-19 22:33:41,968 INFO No missing values found.
2025-03-19 22:33:41,970 INFO No duplicate rows found.
2025-03-19 22:33:41,972 INFO Data types:
Date      datetime64[ns]
Close            float64
High             float64
Low              float64
Open             float64
Volume             int64
dtype: object
2025-03-19 22:33:41,986 INFO Data statistical summary:
                                Date       Close        High         Low        Open        Volume
count                            251  251.000000  251.000000  251.000000  251.000000  2.510000e+02
mean   2022-07-02 15:23:39.920318720  152.607555  154.650546  150.494617  152.575786  8.791038e+07
min              2022-01-03 00:00:00  124.591377  128.456420  124.423333  126.518963  3.519590e+07
25%              2022-04-02 12:00:00  142.799400  144.964497  140.376138  142.454344  7.229740e+07
50%              2022-07-05 00:00:00  151.855774  153.570566  149.736973  151.776959  8.373720e+07
75%              2022-10-01 12:00:00  163.372032  165.754624  161.384457  163.704375  9.693705e+07
max              2022-12-30 00:00:00  178.879913  179.793920  176.039607  179.489254  1.826020e+08
std                              NaN   12.697924   12.575342   12.753981   12.705788  2.365699e+07
2025-03-19 22:33:41,990 WARNING Outliers found:
Date       0
Close      0
High       0
Low        0
Open       0
Volume    14
dtype: int64
2025-03-19 22:33:41,992 INFO Calculating technical indicators...
2025-03-19 22:33:41,994 INFO Relative Strength Index (window=14) calculated successfully as RSI.
2025-03-19 22:33:41,996 INFO MACD (slow=26, fast=12, sign=9) calculated successfully.
2025-03-19 22:33:41,999 INFO Average True Range (window=14) calculated successfully.
2025-03-19 22:33:42,003 INFO Bollinger Bands (window=20, std_dev=2) calculated successfully.
2025-03-19 22:33:42,004 INFO Moving Average (window=20) calculated successfully.
2025-03-19 22:33:42,005 INFO Exponential Moving Average (window=20) calculated successfully.
2025-03-19 22:33:42,006 INFO Generating rule-based signals...
2025-03-19 22:33:42,009 INFO Rule-based signals generated successfully.
2025-03-19 22:33:42,010 INFO Columns after signal generation: ['Date', 'Close', 'High', 'Low', 'Open', 'Volume', 'RSI', 'MACD', 'MACD_Signal', 'MACD_Hist', 'ATR', 'BB_High', 'BB_Low', 'BB_Mid', 'MA_20', 'EMA_20', 'Rule_Signal', 'Signal']
2025-03-19 22:33:42,011 INFO Applying feature engineering (creating lagged features)...
2025-03-19 22:33:42,013 INFO Higher Highs and Lower Lows identified successfully.
2025-03-19 22:33:42,016 INFO Double Top pattern identified successfully.
2025-03-19 22:33:42,018 INFO Head and Shoulders pattern identified successfully.
2025-03-19 22:33:42,019 INFO Triple Bottom pattern identified successfully.
2025-03-19 22:33:42,022 INFO Cup and Handle pattern identified successfully.
2025-03-19 22:33:42,024 INFO Bullish Engulfing pattern identified successfully.
2025-03-19 22:33:42,026 INFO Bearish Engulfing pattern identified successfully.
2025-03-19 22:33:42,028 INFO Morning Star pattern identified successfully.
2025-03-19 22:33:42,029 INFO Evening Star pattern identified successfully.
2025-03-19 22:33:42,031 INFO Hammer pattern identified successfully.
2025-03-19 22:33:42,032 INFO Shooting Star pattern identified successfully.
2025-03-19 22:33:42,036 INFO RSI Divergence identified successfully.
2025-03-19 22:33:42,038 INFO Bollinger Band Squeeze identified successfully.
2025-03-19 22:33:42,041 INFO Moving Average Crossover identified successfully.
2025-03-19 22:33:42,045 INFO ADX Trend Strength identified successfully.
2025-03-19 22:33:42,049 INFO Stochastic Oscillator identified successfully.
2025-03-19 22:33:42,051 INFO Pennant pattern identified successfully.
2025-03-19 22:33:42,053 INFO Flag pattern identified successfully.
2025-03-19 22:33:42,055 INFO Wedge pattern identified successfully.
2025-03-19 22:33:42,059 INFO Triangle pattern identified successfully.
2025-03-19 22:33:42,060 INFO Patterns added successfully.
2025-03-19 22:33:42,061 INFO Moving Average (window=20) calculated successfully.
2025-03-19 22:33:42,062 INFO Exponential Moving Average (window=20) calculated successfully.
2025-03-19 22:33:42,065 INFO Relative Strength Index (window=14) calculated successfully as RSI.
2025-03-19 22:33:42,066 INFO Bollinger Bands (window=20, std_dev=2) calculated successfully.
2025-03-19 22:33:42,067 INFO MACD (slow=26, fast=12, sign=9) calculated successfully.
2025-03-19 22:33:42,073 INFO Average True Range (window=14) calculated successfully.
2025-03-19 22:33:42,075 INFO Stochastic Oscillator (window=14, smooth_window=3) calculated successfully.
2025-03-19 22:33:42,079 INFO Commodity Channel Index (window=20) calculated successfully.
2025-03-19 22:33:42,082 INFO Ichimoku Cloud (window1=9, window2=26, window3=52) calculated successfully.
2025-03-19 22:33:42,085 INFO Aroon Indicator (window=25) calculated successfully.
2025-03-19 22:33:42,110 INFO Parabolic SAR (acceleration=0.02, maximum=0.2) calculated successfully.
2025-03-19 22:33:42,112 INFO Volume Weighted Average Price (window=14) calculated successfully.
2025-03-19 22:33:42,114 INFO On-Balance Volume calculated successfully.
2025-03-19 22:33:42,121 INFO Money Flow Index (window=14) calculated successfully.
2025-03-19 22:33:42,123 INFO Chaikin Money Flow (window=20) calculated successfully.
2025-03-19 22:33:42,126 INFO Ease of Movement (window=14) calculated successfully.
2025-03-19 22:33:42,127 INFO Accumulation/Distribution Index calculated successfully.
2025-03-19 22:33:42,131 INFO Ultimate Oscillator (short_window=7, long_window=14) calculated successfully.
2025-03-19 22:33:42,132 INFO Indicators added successfully.
2025-03-19 22:33:42,136 INFO Missing values handled successfully.
2025-03-19 22:33:42,150 INFO Lagged features created successfully.
2025-03-19 22:33:42,159 INFO Data normalised successfully.
2025-03-19 22:33:42,164 INFO Feature engineering completed successfully.
2025-03-19 22:33:42,165 INFO Training model on engineered data...
2025-03-19 22:33:42,256 INFO Model trained successfully with accuracy: 1.00
2025-03-19 22:33:42,290 INFO Model signals applied successfully.
2025-03-19 22:33:42,292 INFO Consensus signal generated successfully.
2025-03-19 22:33:42,308 INFO Backtesting completed successfully.
2025-03-19 22:33:42,311 INFO Rule-Based Signal Accuracy: 1.00
2025-03-19 22:33:42,311 INFO Model-Based Signal Accuracy: 1.00
2025-03-19 22:33:42,313 INFO Rule-based accuracy: 1.00, Model accuracy: 1.00
2025-03-19 22:33:44,988 INFO Buy/Sell signals plotted for ['AAPL']
2025-03-19 22:33:45,948 INFO Backtesting balance plotted for ['AAPL']
2025-03-19 22:33:45,949 INFO Running forecasting model (LSTM)...
2025-03-19 22:33:47,318 INFO LSTM Epoch 0/50, Loss: 0.24487313628196716
2025-03-19 22:33:47,339 INFO LSTM Epoch 10/50, Loss: 0.20068995654582977
2025-03-19 22:33:47,360 INFO LSTM Epoch 20/50, Loss: 0.16107085347175598
2025-03-19 22:33:47,382 INFO LSTM Epoch 30/50, Loss: 0.12572024762630463
2025-03-19 22:33:47,402 INFO LSTM Epoch 40/50, Loss: 0.09615573287010193
2025-03-19 22:33:47,421 ERROR Error making predictions: not enough values to unpack (expected 2, got 1)
2025-03-19 22:33:47,423 ERROR Error running LSTM forecaster: not enough values to unpack (expected 2, got 1)
2025-03-19 22:33:47,424 INFO Running forecasting model (GRU)...
2025-03-19 22:33:47,435 INFO GRU Epoch 0/50, Loss: 0.3566906750202179
2025-03-19 22:33:47,459 INFO GRU Epoch 10/50, Loss: 0.27799224853515625
2025-03-19 22:33:47,478 INFO GRU Epoch 20/50, Loss: 0.2101917266845703
2025-03-19 22:33:47,497 INFO GRU Epoch 30/50, Loss: 0.15291577577590942
2025-03-19 22:33:47,516 INFO GRU Epoch 40/50, Loss: 0.10793165117502213
2025-03-19 22:33:47,534 ERROR Error making predictions: not enough values to unpack (expected 2, got 1)
2025-03-19 22:33:47,536 ERROR Error running GRU forecaster: not enough values to unpack (expected 2, got 1)
2025-03-19 22:33:47,537 INFO Running forecasting model (ARIMA)...
2025-03-19 22:33:47,613 INFO ARIMA model trained successfully.
2025-03-19 22:33:47,622 INFO ARIMA forecasting completed successfully.
2025-03-19 22:33:47,625 INFO Running forecasting model (HoltWinters)...
2025-03-19 22:33:47,709 INFO Holt–Winters model trained successfully.
2025-03-19 22:33:47,714 INFO HoltWinters forecasting completed successfully.
2025-03-19 22:33:47,715 INFO Running forecasting model (LinearRegression)...
2025-03-19 22:33:47,717 INFO Linear Regression model trained successfully.
2025-03-19 22:33:47,719 INFO LinearRegression forecasting completed successfully.
2025-03-19 22:33:47,720 ERROR Error in risk management: 'volume'
2025-03-19 22:33:47,727 INFO Resistance levels (window=20) calculated successfully.
2025-03-19 22:33:47,731 INFO Support levels (window=20) calculated successfully.
2025-03-19 22:33:47,734 INFO Volatility (window=20) calculated successfully.
2025-03-19 22:33:47,738 INFO Volume moving average (window=20) calculated successfully.
2025-03-19 22:33:47,739 WARNING Data for AAPL is missing. Skipping.
2025-03-19 22:33:47,740 WARNING Data for AAPL is missing. Skipping.
2025-03-19 22:33:47,742 INFO Stock screening results: {'short_term': {}, 'long_term': {}}
2025-03-19 22:33:47,743 INFO Generating trade execution report...
2025-03-19 22:34:32,340 INFO Forecasts plotted for AAPL
2025-03-19 22:34:32,342 INFO Report saved at: reports\report_2025-03-19_22-33-47.xlsx
2025-03-19 22:34:32,344 INFO Trading pipeline completed successfully!
2025-03-19 22:37:00,547 INFO Starting trading pipeline...
2025-03-19 22:37:00,549 INFO Fetching data for ['AAPL'] from 2022-01-01 to 2022-12-31...
2025-03-19 22:37:00,878 INFO Data loaded successfully from Yahoo Finance for ['AAPL'] from 2022-01-01 to 2022-12-31
2025-03-19 22:37:00,879 INFO           Date       Close        High         Low        Open     Volume
0   2022-01-03  178.879898  179.734947  174.653859  174.771790  104487900
1   2022-01-04  176.609650  179.793936  176.039622  179.489269   99310400
2   2022-01-05  171.911819  177.071533  171.636636  176.521166   94537600
3   2022-01-06  169.042068  172.285320  168.688259  169.730027   96904000
4   2022-01-07  169.209137  171.145259  168.088742  169.916756   86709100
..         ...         ...         ...         ...         ...        ...
246 2022-12-23  130.344513  130.898074  128.150027  129.415314   63814900
247 2022-12-27  128.535522  129.899667  127.240581  129.870013   69007800
248 2022-12-28  124.591393  129.524039  124.423348  128.179669   85438400
249 2022-12-29  128.120346  128.980342  126.261956  126.518963   75703700
250 2022-12-30  128.436676  128.456450  125.965417  126.934157   77034200

[251 rows x 6 columns]
2025-03-19 22:37:00,891 INFO No missing values found.
2025-03-19 22:37:00,894 INFO No duplicate rows found.
2025-03-19 22:37:00,896 INFO Data types:
Date      datetime64[ns]
Close            float64
High             float64
Low              float64
Open             float64
Volume             int64
dtype: object
2025-03-19 22:37:00,915 INFO Data statistical summary:
                                Date       Close        High         Low        Open        Volume
count                            251  251.000000  251.000000  251.000000  251.000000  2.510000e+02
mean   2022-07-02 15:23:39.920318720  152.607554  154.650545  150.494615  152.575785  8.791038e+07
min              2022-01-03 00:00:00  124.591393  128.456450  124.423348  126.518963  3.519590e+07
25%              2022-04-02 12:00:00  142.799400  144.964505  140.376146  142.454343  7.229740e+07
50%              2022-07-05 00:00:00  151.855774  153.570582  149.736958  151.776943  8.373720e+07
75%              2022-10-01 12:00:00  163.372017  165.754608  161.384465  163.704375  9.693705e+07
max              2022-12-30 00:00:00  178.879898  179.793936  176.039622  179.489269  1.826020e+08
std                              NaN   12.697920   12.575338   12.753977   12.705784  2.365699e+07
2025-03-19 22:37:00,921 WARNING Outliers found:
Date       0
Close      0
High       0
Low        0
Open       0
Volume    14
dtype: int64
2025-03-19 22:37:00,922 INFO Calculating technical indicators...
2025-03-19 22:37:00,926 INFO Relative Strength Index (window=14) calculated successfully as RSI.
2025-03-19 22:37:00,929 INFO MACD (slow=26, fast=12, sign=9) calculated successfully.
2025-03-19 22:37:00,932 INFO Average True Range (window=14) calculated successfully.
2025-03-19 22:37:00,942 INFO Bollinger Bands (window=20, std_dev=2) calculated successfully.
2025-03-19 22:37:00,945 INFO Moving Average (window=20) calculated successfully.
2025-03-19 22:37:00,947 INFO Exponential Moving Average (window=20) calculated successfully.
2025-03-19 22:37:00,948 INFO Generating rule-based signals...
2025-03-19 22:37:00,951 INFO Rule-based signals generated successfully.
2025-03-19 22:37:00,952 INFO Columns after signal generation: ['Date', 'Close', 'High', 'Low', 'Open', 'Volume', 'RSI', 'MACD', 'MACD_Signal', 'MACD_Hist', 'ATR', 'BB_High', 'BB_Low', 'BB_Mid', 'MA_20', 'EMA_20', 'Rule_Signal', 'Signal']
2025-03-19 22:37:00,953 INFO Applying feature engineering (creating lagged features)...
2025-03-19 22:37:00,956 INFO Higher Highs and Lower Lows identified successfully.
2025-03-19 22:37:00,958 INFO Double Top pattern identified successfully.
2025-03-19 22:37:00,960 INFO Head and Shoulders pattern identified successfully.
2025-03-19 22:37:00,962 INFO Triple Bottom pattern identified successfully.
2025-03-19 22:37:00,965 INFO Cup and Handle pattern identified successfully.
2025-03-19 22:37:00,967 INFO Bullish Engulfing pattern identified successfully.
2025-03-19 22:37:00,970 INFO Bearish Engulfing pattern identified successfully.
2025-03-19 22:37:00,972 INFO Morning Star pattern identified successfully.
2025-03-19 22:37:00,975 INFO Evening Star pattern identified successfully.
2025-03-19 22:37:00,977 INFO Hammer pattern identified successfully.
2025-03-19 22:37:00,979 INFO Shooting Star pattern identified successfully.
2025-03-19 22:37:00,982 INFO RSI Divergence identified successfully.
2025-03-19 22:37:00,985 INFO Bollinger Band Squeeze identified successfully.
2025-03-19 22:37:00,988 INFO Moving Average Crossover identified successfully.
2025-03-19 22:37:00,995 INFO ADX Trend Strength identified successfully.
2025-03-19 22:37:01,000 INFO Stochastic Oscillator identified successfully.
2025-03-19 22:37:01,003 INFO Pennant pattern identified successfully.
2025-03-19 22:37:01,005 INFO Flag pattern identified successfully.
2025-03-19 22:37:01,008 INFO Wedge pattern identified successfully.
2025-03-19 22:37:01,012 INFO Triangle pattern identified successfully.
2025-03-19 22:37:01,013 INFO Patterns added successfully.
2025-03-19 22:37:01,015 INFO Moving Average (window=20) calculated successfully.
2025-03-19 22:37:01,016 INFO Exponential Moving Average (window=20) calculated successfully.
2025-03-19 22:37:01,018 INFO Relative Strength Index (window=14) calculated successfully as RSI.
2025-03-19 22:37:01,020 INFO Bollinger Bands (window=20, std_dev=2) calculated successfully.
2025-03-19 22:37:01,023 INFO MACD (slow=26, fast=12, sign=9) calculated successfully.
2025-03-19 22:37:01,026 INFO Average True Range (window=14) calculated successfully.
2025-03-19 22:37:01,028 INFO Stochastic Oscillator (window=14, smooth_window=3) calculated successfully.
2025-03-19 22:37:01,034 INFO Commodity Channel Index (window=20) calculated successfully.
2025-03-19 22:37:01,038 INFO Ichimoku Cloud (window1=9, window2=26, window3=52) calculated successfully.
2025-03-19 22:37:01,042 INFO Aroon Indicator (window=25) calculated successfully.
2025-03-19 22:37:01,067 INFO Parabolic SAR (acceleration=0.02, maximum=0.2) calculated successfully.
2025-03-19 22:37:01,069 INFO Volume Weighted Average Price (window=14) calculated successfully.
2025-03-19 22:37:01,071 INFO On-Balance Volume calculated successfully.
2025-03-19 22:37:01,078 INFO Money Flow Index (window=14) calculated successfully.
2025-03-19 22:37:01,081 INFO Chaikin Money Flow (window=20) calculated successfully.
2025-03-19 22:37:01,083 INFO Ease of Movement (window=14) calculated successfully.
2025-03-19 22:37:01,085 INFO Accumulation/Distribution Index calculated successfully.
2025-03-19 22:37:01,089 INFO Ultimate Oscillator (short_window=7, long_window=14) calculated successfully.
2025-03-19 22:37:01,089 INFO Indicators added successfully.
2025-03-19 22:37:01,095 INFO Missing values handled successfully.
2025-03-19 22:37:01,112 INFO Lagged features created successfully.
2025-03-19 22:37:01,123 INFO Data normalised successfully.
2025-03-19 22:37:01,127 INFO Feature engineering completed successfully.
2025-03-19 22:37:01,129 INFO Training model on engineered data...
2025-03-19 22:37:01,232 INFO Model trained successfully with accuracy: 1.00
2025-03-19 22:37:01,247 INFO Model signals applied successfully.
2025-03-19 22:37:01,250 INFO Consensus signal generated successfully.
2025-03-19 22:37:01,269 INFO Backtesting completed successfully.
2025-03-19 22:37:01,272 INFO Rule-Based Signal Accuracy: 1.00
2025-03-19 22:37:01,273 INFO Model-Based Signal Accuracy: 1.00
2025-03-19 22:37:01,274 INFO Rule-based accuracy: 1.00, Model accuracy: 1.00
2025-03-19 22:37:04,751 INFO Buy/Sell signals plotted for ['AAPL']
2025-03-19 22:37:05,709 INFO Backtesting balance plotted for ['AAPL']
2025-03-19 22:37:05,710 INFO Running forecasting model (LSTM)...
2025-03-19 22:37:07,060 INFO LSTM Epoch 0/50, Loss: 0.43156689405441284
2025-03-19 22:37:07,081 INFO LSTM Epoch 10/50, Loss: 0.37302765250205994
2025-03-19 22:37:07,100 INFO LSTM Epoch 20/50, Loss: 0.3204643130302429
2025-03-19 22:37:07,123 INFO LSTM Epoch 30/50, Loss: 0.2702203094959259
2025-03-19 22:37:07,143 INFO LSTM Epoch 40/50, Loss: 0.22047209739685059
2025-03-19 22:37:07,165 INFO LSTM forecasting completed successfully.
2025-03-19 22:37:07,166 INFO Running forecasting model (GRU)...
2025-03-19 22:37:07,175 INFO GRU Epoch 0/50, Loss: 0.3211658298969269
2025-03-19 22:37:07,196 INFO GRU Epoch 10/50, Loss: 0.2485702633857727
2025-03-19 22:37:07,214 INFO GRU Epoch 20/50, Loss: 0.18841512501239777
2025-03-19 22:37:07,233 INFO GRU Epoch 30/50, Loss: 0.1390252709388733
2025-03-19 22:37:07,250 INFO GRU Epoch 40/50, Loss: 0.10064990818500519
2025-03-19 22:37:07,269 INFO GRU forecasting completed successfully.
2025-03-19 22:37:07,270 INFO Running forecasting model (ARIMA)...
2025-03-19 22:37:07,353 INFO ARIMA model trained successfully.
2025-03-19 22:37:07,364 INFO ARIMA forecasting completed successfully.
2025-03-19 22:37:07,365 INFO Running forecasting model (HoltWinters)...
2025-03-19 22:37:07,459 INFO Holt–Winters model trained successfully.
2025-03-19 22:37:07,464 INFO HoltWinters forecasting completed successfully.
2025-03-19 22:37:07,466 INFO Running forecasting model (LinearRegression)...
2025-03-19 22:37:07,469 INFO Linear Regression model trained successfully.
2025-03-19 22:37:07,470 INFO LinearRegression forecasting completed successfully.
2025-03-19 22:37:07,472 ERROR Error in risk management: 'volume'
2025-03-19 22:37:07,475 INFO Resistance levels (window=20) calculated successfully.
2025-03-19 22:37:07,478 INFO Support levels (window=20) calculated successfully.
2025-03-19 22:37:07,482 INFO Volatility (window=20) calculated successfully.
2025-03-19 22:37:07,485 INFO Volume moving average (window=20) calculated successfully.
2025-03-19 22:37:07,486 WARNING Data for AAPL is missing. Skipping.
2025-03-19 22:37:07,487 WARNING Data for AAPL is missing. Skipping.
2025-03-19 22:37:07,490 INFO Stock screening results: {'short_term': {}, 'long_term': {}}
2025-03-19 22:37:07,491 INFO Generating trade execution report...
2025-03-19 22:44:19,230 INFO Forecasts plotted for AAPL
2025-03-19 22:44:19,232 INFO Report saved at: reports\report_2025-03-19_22-37-07.xlsx
2025-03-19 22:44:19,233 INFO Trading pipeline completed successfully!
2025-03-19 22:45:12,116 INFO Starting trading pipeline...
2025-03-19 22:45:12,118 INFO Fetching data for ['AAPL'] from 2022-01-01 to 2022-12-31...
2025-03-19 22:45:12,725 INFO Data loaded successfully from Yahoo Finance for ['AAPL'] from 2022-01-01 to 2022-12-31
2025-03-19 22:45:12,726 INFO           Date       Close        High         Low        Open     Volume
0   2022-01-03  178.879898  179.734947  174.653859  174.771790  104487900
1   2022-01-04  176.609634  179.793920  176.039607  179.489254   99310400
2   2022-01-05  171.911835  177.071549  171.636651  176.521181   94537600
3   2022-01-06  169.042068  172.285320  168.688259  169.730027   96904000
4   2022-01-07  169.209122  171.145244  168.088727  169.916741   86709100
..         ...         ...         ...         ...         ...        ...
246 2022-12-23  130.344482  130.898044  128.149997  129.415284   63814900
247 2022-12-27  128.535507  129.899651  127.240566  129.869997   69007800
248 2022-12-28  124.591377  129.524023  124.423333  128.179654   85438400
249 2022-12-29  128.120346  128.980342  126.261956  126.518963   75703700
250 2022-12-30  128.436646  128.456420  125.965387  126.934126   77034200

[251 rows x 6 columns]
2025-03-19 22:45:12,744 INFO No missing values found.
2025-03-19 22:45:12,746 INFO No duplicate rows found.
2025-03-19 22:45:12,749 INFO Data types:
Date      datetime64[ns]
Close            float64
High             float64
Low              float64
Open             float64
Volume             int64
dtype: object
2025-03-19 22:45:12,772 INFO Data statistical summary:
                                Date       Close        High         Low        Open        Volume
count                            251  251.000000  251.000000  251.000000  251.000000  2.510000e+02
mean   2022-07-02 15:23:39.920318720  152.607555  154.650546  150.494616  152.575785  8.791038e+07
min              2022-01-03 00:00:00  124.591377  128.456420  124.423333  126.518963  3.519590e+07
25%              2022-04-02 12:00:00  142.799393  144.964497  140.376131  142.454344  7.229740e+07
50%              2022-07-05 00:00:00  151.855789  153.570582  149.736958  151.776928  8.373720e+07
75%              2022-10-01 12:00:00  163.372032  165.754616  161.384465  163.704375  9.693705e+07
max              2022-12-30 00:00:00  178.879898  179.793920  176.039607  179.489254  1.826020e+08
std                              NaN   12.697924   12.575342   12.753981   12.705788  2.365699e+07
2025-03-19 22:45:12,780 WARNING Outliers found:
Date       0
Close      0
High       0
Low        0
Open       0
Volume    14
dtype: int64
2025-03-19 22:45:12,781 INFO Calculating technical indicators...
2025-03-19 22:45:12,786 INFO Relative Strength Index (window=14) calculated successfully as RSI.
2025-03-19 22:45:12,789 INFO MACD (slow=26, fast=12, sign=9) calculated successfully.
2025-03-19 22:45:12,796 INFO Average True Range (window=14) calculated successfully.
2025-03-19 22:45:12,800 INFO Bollinger Bands (window=20, std_dev=2) calculated successfully.
2025-03-19 22:45:12,802 INFO Moving Average (window=20) calculated successfully.
2025-03-19 22:45:12,803 INFO Exponential Moving Average (window=20) calculated successfully.
2025-03-19 22:45:12,805 INFO Generating rule-based signals...
2025-03-19 22:45:12,808 INFO Rule-based signals generated successfully.
2025-03-19 22:45:12,809 INFO Columns after signal generation: ['Date', 'Close', 'High', 'Low', 'Open', 'Volume', 'RSI', 'MACD', 'MACD_Signal', 'MACD_Hist', 'ATR', 'BB_High', 'BB_Low', 'BB_Mid', 'MA_20', 'EMA_20', 'Rule_Signal', 'Signal']
2025-03-19 22:45:12,811 INFO Applying feature engineering (creating lagged features)...
2025-03-19 22:45:12,814 INFO Higher Highs and Lower Lows identified successfully.
2025-03-19 22:45:12,816 INFO Double Top pattern identified successfully.
2025-03-19 22:45:12,821 INFO Head and Shoulders pattern identified successfully.
2025-03-19 22:45:12,823 INFO Triple Bottom pattern identified successfully.
2025-03-19 22:45:12,827 INFO Cup and Handle pattern identified successfully.
2025-03-19 22:45:12,831 INFO Bullish Engulfing pattern identified successfully.
2025-03-19 22:45:12,833 INFO Bearish Engulfing pattern identified successfully.
2025-03-19 22:45:12,835 INFO Morning Star pattern identified successfully.
2025-03-19 22:45:12,837 INFO Evening Star pattern identified successfully.
2025-03-19 22:45:12,839 INFO Hammer pattern identified successfully.
2025-03-19 22:45:12,842 INFO Shooting Star pattern identified successfully.
2025-03-19 22:45:12,848 INFO RSI Divergence identified successfully.
2025-03-19 22:45:12,851 INFO Bollinger Band Squeeze identified successfully.
2025-03-19 22:45:12,854 INFO Moving Average Crossover identified successfully.
2025-03-19 22:45:12,865 INFO ADX Trend Strength identified successfully.
2025-03-19 22:45:12,870 INFO Stochastic Oscillator identified successfully.
2025-03-19 22:45:12,872 INFO Pennant pattern identified successfully.
2025-03-19 22:45:12,876 INFO Flag pattern identified successfully.
2025-03-19 22:45:12,879 INFO Wedge pattern identified successfully.
2025-03-19 22:45:12,882 INFO Triangle pattern identified successfully.
2025-03-19 22:45:12,883 INFO Patterns added successfully.
2025-03-19 22:45:12,884 INFO Moving Average (window=20) calculated successfully.
2025-03-19 22:45:12,887 INFO Exponential Moving Average (window=20) calculated successfully.
2025-03-19 22:45:12,890 INFO Relative Strength Index (window=14) calculated successfully as RSI.
2025-03-19 22:45:12,893 INFO Bollinger Bands (window=20, std_dev=2) calculated successfully.
2025-03-19 22:45:12,895 INFO MACD (slow=26, fast=12, sign=9) calculated successfully.
2025-03-19 22:45:12,902 INFO Average True Range (window=14) calculated successfully.
2025-03-19 22:45:12,905 INFO Stochastic Oscillator (window=14, smooth_window=3) calculated successfully.
2025-03-19 22:45:12,913 INFO Commodity Channel Index (window=20) calculated successfully.
2025-03-19 22:45:12,918 INFO Ichimoku Cloud (window1=9, window2=26, window3=52) calculated successfully.
2025-03-19 22:45:12,923 INFO Aroon Indicator (window=25) calculated successfully.
2025-03-19 22:45:12,995 INFO Parabolic SAR (acceleration=0.02, maximum=0.2) calculated successfully.
2025-03-19 22:45:12,998 INFO Volume Weighted Average Price (window=14) calculated successfully.
2025-03-19 22:45:13,000 INFO On-Balance Volume calculated successfully.
2025-03-19 22:45:13,010 INFO Money Flow Index (window=14) calculated successfully.
2025-03-19 22:45:13,014 INFO Chaikin Money Flow (window=20) calculated successfully.
2025-03-19 22:45:13,016 INFO Ease of Movement (window=14) calculated successfully.
2025-03-19 22:45:13,020 INFO Accumulation/Distribution Index calculated successfully.
2025-03-19 22:45:13,026 INFO Ultimate Oscillator (short_window=7, long_window=14) calculated successfully.
2025-03-19 22:45:13,026 INFO Indicators added successfully.
2025-03-19 22:45:13,041 INFO Missing values handled successfully.
2025-03-19 22:45:13,067 INFO Lagged features created successfully.
2025-03-19 22:45:13,082 INFO Data normalised successfully.
2025-03-19 22:45:13,088 INFO Feature engineering completed successfully.
2025-03-19 22:45:13,089 INFO Training model on engineered data...
2025-03-19 22:45:13,266 INFO Model trained successfully with accuracy: 1.00
2025-03-19 22:45:13,292 INFO Model signals applied successfully.
2025-03-19 22:45:13,295 INFO Consensus signal generated successfully.
2025-03-19 22:45:13,330 INFO Backtesting completed successfully.
2025-03-19 22:45:13,334 INFO Rule-Based Signal Accuracy: 1.00
2025-03-19 22:45:13,336 INFO Model-Based Signal Accuracy: 1.00
2025-03-19 22:45:13,338 INFO Rule-based accuracy: 1.00, Model accuracy: 1.00
2025-03-19 22:45:36,242 INFO Buy/Sell signals plotted for ['AAPL']
2025-03-19 22:45:37,040 INFO Backtesting balance plotted for ['AAPL']
2025-03-19 22:45:37,042 INFO Running forecasting model (LSTM)...
2025-03-19 22:45:40,052 INFO LSTM Epoch 0/50, Loss: 0.4535403847694397
2025-03-19 22:45:40,076 INFO LSTM Epoch 10/50, Loss: 0.3913334608078003
2025-03-19 22:45:40,097 INFO LSTM Epoch 20/50, Loss: 0.33270931243896484
2025-03-19 22:45:40,118 INFO LSTM Epoch 30/50, Loss: 0.2758496403694153
2025-03-19 22:45:40,140 INFO LSTM Epoch 40/50, Loss: 0.22016659379005432
2025-03-19 22:45:40,163 INFO LSTM forecasting completed successfully.
2025-03-19 22:45:40,164 INFO Running forecasting model (GRU)...
2025-03-19 22:45:40,178 INFO GRU Epoch 0/50, Loss: 0.44725871086120605
2025-03-19 22:45:40,201 INFO GRU Epoch 10/50, Loss: 0.3575606644153595
2025-03-19 22:45:40,226 INFO GRU Epoch 20/50, Loss: 0.27688977122306824
2025-03-19 22:45:40,243 INFO GRU Epoch 30/50, Loss: 0.20412418246269226
2025-03-19 22:45:40,263 INFO GRU Epoch 40/50, Loss: 0.14218375086784363
2025-03-19 22:45:40,283 ERROR Error making GRU predictions: GRU: Expected input to be 2D or 3D, got 4D instead
2025-03-19 22:45:40,284 ERROR Error running GRU forecaster: GRU: Expected input to be 2D or 3D, got 4D instead
2025-03-19 22:45:40,285 INFO Running forecasting model (ARIMA)...
2025-03-19 22:45:40,380 INFO ARIMA model trained successfully.
2025-03-19 22:45:40,393 INFO ARIMA forecasting completed successfully.
2025-03-19 22:45:40,394 INFO Running forecasting model (HoltWinters)...
2025-03-19 22:45:40,493 INFO Holt–Winters model trained successfully.
2025-03-19 22:45:40,499 INFO HoltWinters forecasting completed successfully.
2025-03-19 22:45:40,500 INFO Running forecasting model (LinearRegression)...
2025-03-19 22:45:40,504 INFO Linear Regression model trained successfully.
2025-03-19 22:45:40,506 INFO LinearRegression forecasting completed successfully.
2025-03-19 22:45:40,508 ERROR Error in risk management: 'volume'
2025-03-19 22:45:40,513 INFO Resistance levels (window=20) calculated successfully.
2025-03-19 22:45:40,517 INFO Support levels (window=20) calculated successfully.
2025-03-19 22:45:40,523 INFO Volatility (window=20) calculated successfully.
2025-03-19 22:45:40,527 INFO Volume moving average (window=20) calculated successfully.
2025-03-19 22:45:40,528 WARNING Data for AAPL is missing. Skipping.
2025-03-19 22:45:40,529 WARNING Data for AAPL is missing. Skipping.
2025-03-19 22:45:40,530 INFO Stock screening results: {'short_term': {}, 'long_term': {}}
2025-03-19 22:45:40,531 INFO Generating trade execution report...
2025-03-19 22:46:15,208 INFO Forecasts plotted for AAPL
2025-03-19 22:46:15,210 INFO Report saved at: reports\report_2025-03-19_22-45-40.xlsx
2025-03-19 22:46:15,213 INFO Trading pipeline completed successfully!
2025-03-19 22:49:10,799 INFO Starting trading pipeline...
2025-03-19 22:49:10,800 INFO Fetching data for ['AAPL'] from 2022-01-01 to 2022-12-31...
2025-03-19 22:49:11,185 INFO Data loaded successfully from Yahoo Finance for ['AAPL'] from 2022-01-01 to 2022-12-31
2025-03-19 22:49:11,187 INFO           Date       Close        High         Low        Open     Volume
0   2022-01-03  178.879913  179.734962  174.653874  174.771805  104487900
1   2022-01-04  176.609634  179.793920  176.039607  179.489254   99310400
2   2022-01-05  171.911865  177.071580  171.636682  176.521213   94537600
3   2022-01-06  169.042053  172.285305  168.688244  169.730012   96904000
4   2022-01-07  169.209122  171.145244  168.088727  169.916741   86709100
..         ...         ...         ...         ...         ...        ...
246 2022-12-23  130.344482  130.898044  128.149997  129.415284   63814900
247 2022-12-27  128.535507  129.899651  127.240566  129.869997   69007800
248 2022-12-28  124.591377  129.524023  124.423333  128.179654   85438400
249 2022-12-29  128.120346  128.980342  126.261956  126.518963   75703700
250 2022-12-30  128.436661  128.456435  125.965402  126.934142   77034200

[251 rows x 6 columns]
2025-03-19 22:49:11,203 INFO No missing values found.
2025-03-19 22:49:11,206 INFO No duplicate rows found.
2025-03-19 22:49:11,208 INFO Data types:
Date      datetime64[ns]
Close            float64
High             float64
Low              float64
Open             float64
Volume             int64
dtype: object
2025-03-19 22:49:11,234 INFO Data statistical summary:
                                Date       Close        High         Low        Open        Volume
count                            251  251.000000  251.000000  251.000000  251.000000  2.510000e+02
mean   2022-07-02 15:23:39.920318720  152.607555  154.650546  150.494616  152.575786  8.791038e+07
min              2022-01-03 00:00:00  124.591377  128.456435  124.423333  126.518963  3.519590e+07
25%              2022-04-02 12:00:00  142.799408  144.964497  140.376131  142.454352  7.229740e+07
50%              2022-07-05 00:00:00  151.855759  153.570582  149.736988  151.776943  8.373720e+07
75%              2022-10-01 12:00:00  163.372032  165.754616  161.384457  163.704368  9.693705e+07
max              2022-12-30 00:00:00  178.879913  179.793920  176.039607  179.489254  1.826020e+08
std                              NaN   12.697921   12.575339   12.753978   12.705785  2.365699e+07
2025-03-19 22:49:11,241 WARNING Outliers found:
Date       0
Close      0
High       0
Low        0
Open       0
Volume    14
dtype: int64
2025-03-19 22:49:11,243 INFO Calculating technical indicators...
2025-03-19 22:49:11,247 INFO Relative Strength Index (window=14) calculated successfully as RSI.
2025-03-19 22:49:11,251 INFO MACD (slow=26, fast=12, sign=9) calculated successfully.
2025-03-19 22:49:11,257 INFO Average True Range (window=14) calculated successfully.
2025-03-19 22:49:11,261 INFO Bollinger Bands (window=20, std_dev=2) calculated successfully.
2025-03-19 22:49:11,263 INFO Moving Average (window=20) calculated successfully.
2025-03-19 22:49:11,266 INFO Exponential Moving Average (window=20) calculated successfully.
2025-03-19 22:49:11,267 INFO Generating rule-based signals...
2025-03-19 22:49:11,272 INFO Rule-based signals generated successfully.
2025-03-19 22:49:11,273 INFO Columns after signal generation: ['Date', 'Close', 'High', 'Low', 'Open', 'Volume', 'RSI', 'MACD', 'MACD_Signal', 'MACD_Hist', 'ATR', 'BB_High', 'BB_Low', 'BB_Mid', 'MA_20', 'EMA_20', 'Rule_Signal', 'Signal']
2025-03-19 22:49:11,274 INFO Applying feature engineering (creating lagged features)...
2025-03-19 22:49:11,277 INFO Higher Highs and Lower Lows identified successfully.
2025-03-19 22:49:11,283 INFO Double Top pattern identified successfully.
2025-03-19 22:49:11,286 INFO Head and Shoulders pattern identified successfully.
2025-03-19 22:49:11,289 INFO Triple Bottom pattern identified successfully.
2025-03-19 22:49:11,292 INFO Cup and Handle pattern identified successfully.
2025-03-19 22:49:11,296 INFO Bullish Engulfing pattern identified successfully.
2025-03-19 22:49:11,298 INFO Bearish Engulfing pattern identified successfully.
2025-03-19 22:49:11,300 INFO Morning Star pattern identified successfully.
2025-03-19 22:49:11,303 INFO Evening Star pattern identified successfully.
2025-03-19 22:49:11,305 INFO Hammer pattern identified successfully.
2025-03-19 22:49:11,308 INFO Shooting Star pattern identified successfully.
2025-03-19 22:49:11,313 INFO RSI Divergence identified successfully.
2025-03-19 22:49:11,316 INFO Bollinger Band Squeeze identified successfully.
2025-03-19 22:49:11,320 INFO Moving Average Crossover identified successfully.
2025-03-19 22:49:11,330 INFO ADX Trend Strength identified successfully.
2025-03-19 22:49:11,334 INFO Stochastic Oscillator identified successfully.
2025-03-19 22:49:11,337 INFO Pennant pattern identified successfully.
2025-03-19 22:49:11,341 INFO Flag pattern identified successfully.
2025-03-19 22:49:11,344 INFO Wedge pattern identified successfully.
2025-03-19 22:49:11,346 INFO Triangle pattern identified successfully.
2025-03-19 22:49:11,347 INFO Patterns added successfully.
2025-03-19 22:49:11,350 INFO Moving Average (window=20) calculated successfully.
2025-03-19 22:49:11,352 INFO Exponential Moving Average (window=20) calculated successfully.
2025-03-19 22:49:11,355 INFO Relative Strength Index (window=14) calculated successfully as RSI.
2025-03-19 22:49:11,357 INFO Bollinger Bands (window=20, std_dev=2) calculated successfully.
2025-03-19 22:49:11,360 INFO MACD (slow=26, fast=12, sign=9) calculated successfully.
2025-03-19 22:49:11,367 INFO Average True Range (window=14) calculated successfully.
2025-03-19 22:49:11,370 INFO Stochastic Oscillator (window=14, smooth_window=3) calculated successfully.
2025-03-19 22:49:11,378 INFO Commodity Channel Index (window=20) calculated successfully.
2025-03-19 22:49:11,382 INFO Ichimoku Cloud (window1=9, window2=26, window3=52) calculated successfully.
2025-03-19 22:49:11,387 INFO Aroon Indicator (window=25) calculated successfully.
2025-03-19 22:49:11,457 INFO Parabolic SAR (acceleration=0.02, maximum=0.2) calculated successfully.
2025-03-19 22:49:11,461 INFO Volume Weighted Average Price (window=14) calculated successfully.
2025-03-19 22:49:11,463 INFO On-Balance Volume calculated successfully.
2025-03-19 22:49:11,473 INFO Money Flow Index (window=14) calculated successfully.
2025-03-19 22:49:11,477 INFO Chaikin Money Flow (window=20) calculated successfully.
2025-03-19 22:49:11,479 INFO Ease of Movement (window=14) calculated successfully.
2025-03-19 22:49:11,482 INFO Accumulation/Distribution Index calculated successfully.
2025-03-19 22:49:11,489 INFO Ultimate Oscillator (short_window=7, long_window=14) calculated successfully.
2025-03-19 22:49:11,489 INFO Indicators added successfully.
2025-03-19 22:49:11,496 INFO Missing values handled successfully.
2025-03-19 22:49:11,521 INFO Lagged features created successfully.
2025-03-19 22:49:11,537 INFO Data normalised successfully.
2025-03-19 22:49:11,542 INFO Feature engineering completed successfully.
2025-03-19 22:49:11,546 INFO Training model on engineered data...
2025-03-19 22:49:11,719 INFO Model trained successfully with accuracy: 1.00
2025-03-19 22:49:11,746 INFO Model signals applied successfully.
2025-03-19 22:49:11,749 INFO Consensus signal generated successfully.
2025-03-19 22:49:11,783 INFO Backtesting completed successfully.
2025-03-19 22:49:11,787 INFO Rule-Based Signal Accuracy: 1.00
2025-03-19 22:49:11,789 INFO Model-Based Signal Accuracy: 1.00
2025-03-19 22:49:11,790 INFO Rule-based accuracy: 1.00, Model accuracy: 1.00
2025-03-19 22:49:16,959 INFO Buy/Sell signals plotted for ['AAPL']
2025-03-19 22:49:17,679 INFO Backtesting balance plotted for ['AAPL']
2025-03-19 22:49:17,680 INFO Running forecasting model (LSTM)...
2025-03-19 22:49:19,729 INFO LSTM Epoch 0/50, Loss: 0.4684544801712036
2025-03-19 22:49:19,751 INFO LSTM Epoch 10/50, Loss: 0.4038085341453552
2025-03-19 22:49:19,771 INFO LSTM Epoch 20/50, Loss: 0.34323304891586304
2025-03-19 22:49:19,791 INFO LSTM Epoch 30/50, Loss: 0.2845115065574646
2025-03-19 22:49:19,814 INFO LSTM Epoch 40/50, Loss: 0.2272397130727768
2025-03-19 22:49:19,840 INFO LSTM forecasting completed successfully.
2025-03-19 22:49:19,842 INFO Running forecasting model (GRU)...
2025-03-19 22:49:19,857 INFO GRU Epoch 0/50, Loss: 0.42438599467277527
2025-03-19 22:49:19,880 INFO GRU Epoch 10/50, Loss: 0.33929023146629333
2025-03-19 22:49:19,902 INFO GRU Epoch 20/50, Loss: 0.2633346617221832
2025-03-19 22:49:19,924 INFO GRU Epoch 30/50, Loss: 0.19519980251789093
2025-03-19 22:49:19,944 INFO GRU Epoch 40/50, Loss: 0.13722462952136993
2025-03-19 22:49:19,962 ERROR Error making GRU predictions: GRU: Expected input to be 2D or 3D, got 4D instead
2025-03-19 22:49:19,963 ERROR Error running GRU forecaster: GRU: Expected input to be 2D or 3D, got 4D instead
2025-03-19 22:49:19,964 INFO Running forecasting model (ARIMA)...
2025-03-19 22:49:20,067 INFO ARIMA model trained successfully.
2025-03-19 22:49:20,078 INFO ARIMA forecasting completed successfully.
2025-03-19 22:49:20,079 INFO Running forecasting model (HoltWinters)...
2025-03-19 22:49:20,181 INFO Holt–Winters model trained successfully.
2025-03-19 22:49:20,186 INFO HoltWinters forecasting completed successfully.
2025-03-19 22:49:20,188 INFO Running forecasting model (LinearRegression)...
2025-03-19 22:49:20,190 INFO Linear Regression model trained successfully.
2025-03-19 22:49:20,193 INFO LinearRegression forecasting completed successfully.
2025-03-19 22:49:20,194 ERROR Error in risk management: 'volume'
2025-03-19 22:49:20,200 INFO Resistance levels (window=20) calculated successfully.
2025-03-19 22:49:20,203 INFO Support levels (window=20) calculated successfully.
2025-03-19 22:49:20,209 INFO Volatility (window=20) calculated successfully.
2025-03-19 22:49:20,212 INFO Volume moving average (window=20) calculated successfully.
2025-03-19 22:49:20,213 WARNING Data for AAPL is missing. Skipping.
2025-03-19 22:49:20,215 WARNING Data for AAPL is missing. Skipping.
2025-03-19 22:49:20,217 INFO Stock screening results: {'short_term': {}, 'long_term': {}}
2025-03-19 22:49:20,218 INFO Generating trade execution report...
2025-03-19 22:52:46,448 INFO Starting trading pipeline...
2025-03-19 22:52:46,449 INFO Fetching data for ['AAPL'] from 2022-01-01 to 2022-12-31...
2025-03-19 22:52:46,811 INFO Data loaded successfully from Yahoo Finance for ['AAPL'] from 2022-01-01 to 2022-12-31
2025-03-19 22:52:46,813 INFO           Date       Close        High         Low        Open     Volume
0   2022-01-03  178.879929  179.734977  174.653889  174.771820  104487900
1   2022-01-04  176.609634  179.793920  176.039607  179.489254   99310400
2   2022-01-05  171.911850  177.071564  171.636666  176.521197   94537600
3   2022-01-06  169.042068  172.285320  168.688259  169.730027   96904000
4   2022-01-07  169.209122  171.145244  168.088727  169.916741   86709100
..         ...         ...         ...         ...         ...        ...
246 2022-12-23  130.344482  130.898044  128.149997  129.415284   63814900
247 2022-12-27  128.535522  129.899667  127.240581  129.870013   69007800
248 2022-12-28  124.591385  129.524031  124.423341  128.179661   85438400
249 2022-12-29  128.120346  128.980342  126.261956  126.518963   75703700
250 2022-12-30  128.436661  128.456435  125.965402  126.934142   77034200

[251 rows x 6 columns]
2025-03-19 22:52:46,822 INFO No missing values found.
2025-03-19 22:52:46,824 INFO No duplicate rows found.
2025-03-19 22:52:46,826 INFO Data types:
Date      datetime64[ns]
Close            float64
High             float64
Low              float64
Open             float64
Volume             int64
dtype: object
2025-03-19 22:52:46,839 INFO Data statistical summary:
                                Date       Close        High         Low        Open        Volume
count                            251  251.000000  251.000000  251.000000  251.000000  2.510000e+02
mean   2022-07-02 15:23:39.920318720  152.607556  154.650547  150.494617  152.575787  8.791038e+07
min              2022-01-03 00:00:00  124.591385  128.456435  124.423341  126.518963  3.519590e+07
25%              2022-04-02 12:00:00  142.799400  144.964513  140.376139  142.454344  7.229740e+07
50%              2022-07-05 00:00:00  151.855789  153.570597  149.736988  151.776959  8.373720e+07
75%              2022-10-01 12:00:00  163.372032  165.754608  161.384472  163.704352  9.693705e+07
max              2022-12-30 00:00:00  178.879929  179.793920  176.039607  179.489254  1.826020e+08
std                              NaN   12.697921   12.575339   12.753978   12.705785  2.365699e+07
2025-03-19 22:52:46,844 WARNING Outliers found:
Date       0
Close      0
High       0
Low        0
Open       0
Volume    14
dtype: int64
2025-03-19 22:52:46,845 INFO Calculating technical indicators...
2025-03-19 22:52:46,847 INFO Relative Strength Index (window=14) calculated successfully as RSI.
2025-03-19 22:52:46,850 INFO MACD (slow=26, fast=12, sign=9) calculated successfully.
2025-03-19 22:52:46,853 INFO Average True Range (window=14) calculated successfully.
2025-03-19 22:52:46,855 INFO Bollinger Bands (window=20, std_dev=2) calculated successfully.
2025-03-19 22:52:46,856 INFO Moving Average (window=20) calculated successfully.
2025-03-19 22:52:46,857 INFO Exponential Moving Average (window=20) calculated successfully.
2025-03-19 22:52:46,858 INFO Generating rule-based signals...
2025-03-19 22:52:46,861 INFO Rule-based signals generated successfully.
2025-03-19 22:52:46,863 INFO Columns after signal generation: ['Date', 'Close', 'High', 'Low', 'Open', 'Volume', 'RSI', 'MACD', 'MACD_Signal', 'MACD_Hist', 'ATR', 'BB_High', 'BB_Low', 'BB_Mid', 'MA_20', 'EMA_20', 'Rule_Signal', 'Signal']
2025-03-19 22:52:46,864 INFO Applying feature engineering (creating lagged features)...
2025-03-19 22:52:46,867 INFO Higher Highs and Lower Lows identified successfully.
2025-03-19 22:52:46,869 INFO Double Top pattern identified successfully.
2025-03-19 22:52:46,878 INFO Head and Shoulders pattern identified successfully.
2025-03-19 22:52:46,880 INFO Triple Bottom pattern identified successfully.
2025-03-19 22:52:46,882 INFO Cup and Handle pattern identified successfully.
2025-03-19 22:52:46,884 INFO Bullish Engulfing pattern identified successfully.
2025-03-19 22:52:46,887 INFO Bearish Engulfing pattern identified successfully.
2025-03-19 22:52:46,889 INFO Morning Star pattern identified successfully.
2025-03-19 22:52:46,891 INFO Evening Star pattern identified successfully.
2025-03-19 22:52:46,893 INFO Hammer pattern identified successfully.
2025-03-19 22:52:46,895 INFO Shooting Star pattern identified successfully.
2025-03-19 22:52:46,898 INFO RSI Divergence identified successfully.
2025-03-19 22:52:46,901 INFO Bollinger Band Squeeze identified successfully.
2025-03-19 22:52:46,905 INFO Moving Average Crossover identified successfully.
2025-03-19 22:52:46,910 INFO ADX Trend Strength identified successfully.
2025-03-19 22:52:46,912 INFO Stochastic Oscillator identified successfully.
2025-03-19 22:52:46,914 INFO Pennant pattern identified successfully.
2025-03-19 22:52:46,925 INFO Flag pattern identified successfully.
2025-03-19 22:52:46,929 INFO Wedge pattern identified successfully.
2025-03-19 22:52:46,931 INFO Triangle pattern identified successfully.
2025-03-19 22:52:46,932 INFO Patterns added successfully.
2025-03-19 22:52:46,934 INFO Moving Average (window=20) calculated successfully.
2025-03-19 22:52:46,935 INFO Exponential Moving Average (window=20) calculated successfully.
2025-03-19 22:52:46,937 INFO Relative Strength Index (window=14) calculated successfully as RSI.
2025-03-19 22:52:46,939 INFO Bollinger Bands (window=20, std_dev=2) calculated successfully.
2025-03-19 22:52:46,942 INFO MACD (slow=26, fast=12, sign=9) calculated successfully.
2025-03-19 22:52:46,945 INFO Average True Range (window=14) calculated successfully.
2025-03-19 22:52:46,947 INFO Stochastic Oscillator (window=14, smooth_window=3) calculated successfully.
2025-03-19 22:52:46,951 INFO Commodity Channel Index (window=20) calculated successfully.
2025-03-19 22:52:46,955 INFO Ichimoku Cloud (window1=9, window2=26, window3=52) calculated successfully.
2025-03-19 22:52:46,957 INFO Aroon Indicator (window=25) calculated successfully.
2025-03-19 22:52:46,981 INFO Parabolic SAR (acceleration=0.02, maximum=0.2) calculated successfully.
2025-03-19 22:52:46,983 INFO Volume Weighted Average Price (window=14) calculated successfully.
2025-03-19 22:52:46,984 INFO On-Balance Volume calculated successfully.
2025-03-19 22:52:46,990 INFO Money Flow Index (window=14) calculated successfully.
2025-03-19 22:52:46,992 INFO Chaikin Money Flow (window=20) calculated successfully.
2025-03-19 22:52:46,993 INFO Ease of Movement (window=14) calculated successfully.
2025-03-19 22:52:46,995 INFO Accumulation/Distribution Index calculated successfully.
2025-03-19 22:52:47,000 INFO Ultimate Oscillator (short_window=7, long_window=14) calculated successfully.
2025-03-19 22:52:47,000 INFO Indicators added successfully.
2025-03-19 22:52:47,003 INFO Missing values handled successfully.
2025-03-19 22:52:47,018 INFO Lagged features created successfully.
2025-03-19 22:52:47,026 INFO Data normalised successfully.
2025-03-19 22:52:47,029 INFO Feature engineering completed successfully.
2025-03-19 22:52:47,031 INFO Training model on engineered data...
2025-03-19 22:52:47,123 INFO Model trained successfully with accuracy: 1.00
2025-03-19 22:52:47,137 INFO Model signals applied successfully.
2025-03-19 22:52:47,140 INFO Consensus signal generated successfully.
2025-03-19 22:52:47,156 INFO Backtesting completed successfully.
2025-03-19 22:52:47,160 INFO Rule-Based Signal Accuracy: 1.00
2025-03-19 22:52:47,161 INFO Model-Based Signal Accuracy: 1.00
2025-03-19 22:52:47,162 INFO Rule-based accuracy: 1.00, Model accuracy: 1.00
2025-03-19 22:52:51,277 INFO Buy/Sell signals plotted for ['AAPL']
2025-03-19 22:52:52,534 INFO Backtesting balance plotted for ['AAPL']
2025-03-19 22:52:52,537 INFO Running forecasting model (LSTM)...
2025-03-19 22:52:54,020 INFO LSTM Epoch 0/50, Loss: 0.4425741136074066
2025-03-19 22:52:54,039 INFO LSTM Epoch 10/50, Loss: 0.38413339853286743
2025-03-19 22:52:54,058 INFO LSTM Epoch 20/50, Loss: 0.32915449142456055
2025-03-19 22:52:54,077 INFO LSTM Epoch 30/50, Loss: 0.2754175066947937
2025-03-19 22:52:54,098 INFO LSTM Epoch 40/50, Loss: 0.22200460731983185
2025-03-19 22:52:54,119 INFO LSTM forecasting completed successfully.
2025-03-19 22:52:54,120 INFO Running forecasting model (GRU)...
2025-03-19 22:52:54,129 INFO GRU Epoch 0/50, Loss: 0.3838827311992645
2025-03-19 22:52:54,149 INFO GRU Epoch 10/50, Loss: 0.30533307790756226
2025-03-19 22:52:54,170 INFO GRU Epoch 20/50, Loss: 0.23557445406913757
2025-03-19 22:52:54,188 INFO GRU Epoch 30/50, Loss: 0.17373663187026978
2025-03-19 22:52:54,204 INFO GRU Epoch 40/50, Loss: 0.12227298319339752
2025-03-19 22:52:54,223 ERROR Error making GRU predictions: mat1 and mat2 shapes cannot be multiplied (1x1 and 64x1)
2025-03-19 22:52:54,225 ERROR Error running GRU forecaster: mat1 and mat2 shapes cannot be multiplied (1x1 and 64x1)
2025-03-19 22:52:54,226 INFO Running forecasting model (ARIMA)...
2025-03-19 22:52:54,299 INFO ARIMA model trained successfully.
2025-03-19 22:52:54,310 INFO ARIMA forecasting completed successfully.
2025-03-19 22:52:54,311 INFO Running forecasting model (HoltWinters)...
2025-03-19 22:52:54,393 INFO Holt–Winters model trained successfully.
2025-03-19 22:52:54,407 INFO HoltWinters forecasting completed successfully.
2025-03-19 22:52:54,420 INFO Running forecasting model (LinearRegression)...
2025-03-19 22:52:54,430 INFO Linear Regression model trained successfully.
2025-03-19 22:52:54,433 INFO LinearRegression forecasting completed successfully.
2025-03-19 22:52:54,434 ERROR Error in risk management: 'volume'
2025-03-19 22:52:54,438 INFO Resistance levels (window=20) calculated successfully.
2025-03-19 22:52:54,441 INFO Support levels (window=20) calculated successfully.
2025-03-19 22:52:54,445 INFO Volatility (window=20) calculated successfully.
2025-03-19 22:52:54,448 INFO Volume moving average (window=20) calculated successfully.
2025-03-19 22:52:54,450 WARNING Data for AAPL is missing. Skipping.
2025-03-19 22:52:54,451 WARNING Data for AAPL is missing. Skipping.
2025-03-19 22:52:54,452 INFO Stock screening results: {'short_term': {}, 'long_term': {}}
2025-03-19 22:52:54,454 INFO Generating trade execution report...
2025-03-19 22:52:59,957 INFO Forecasts plotted for AAPL
2025-03-19 22:52:59,958 INFO Report saved at: reports\report_2025-03-19_22-52-54.xlsx
2025-03-19 22:52:59,960 INFO Trading pipeline completed successfully!
2025-03-19 22:54:17,545 INFO Starting trading pipeline...
2025-03-19 22:54:17,546 INFO Fetching data for ['AAPL'] from 2022-01-01 to 2022-12-31...
2025-03-19 22:54:17,861 INFO Data loaded successfully from Yahoo Finance for ['AAPL'] from 2022-01-01 to 2022-12-31
2025-03-19 22:54:17,862 INFO           Date       Close        High         Low        Open     Volume
0   2022-01-03  178.879929  179.734977  174.653889  174.771820  104487900
1   2022-01-04  176.609650  179.793936  176.039622  179.489269   99310400
2   2022-01-05  171.911835  177.071549  171.636651  176.521181   94537600
3   2022-01-06  169.042084  172.285336  168.688274  169.730043   96904000
4   2022-01-07  169.209122  171.145244  168.088727  169.916741   86709100
..         ...         ...         ...         ...         ...        ...
246 2022-12-23  130.344498  130.898059  128.150012  129.415299   63814900
247 2022-12-27  128.535522  129.899667  127.240581  129.870013   69007800
248 2022-12-28  124.591385  129.524031  124.423341  128.179661   85438400
249 2022-12-29  128.120377  128.980373  126.261986  126.518993   75703700
250 2022-12-30  128.436676  128.456450  125.965417  126.934157   77034200

[251 rows x 6 columns]
2025-03-19 22:54:17,871 INFO No missing values found.
2025-03-19 22:54:17,873 INFO No duplicate rows found.
2025-03-19 22:54:17,874 INFO Data types:
Date      datetime64[ns]
Close            float64
High             float64
Low              float64
Open             float64
Volume             int64
dtype: object
2025-03-19 22:54:17,886 INFO Data statistical summary:
                                Date       Close        High         Low        Open        Volume
count                            251  251.000000  251.000000  251.000000  251.000000  2.510000e+02
mean   2022-07-02 15:23:39.920318720  152.607555  154.650546  150.494616  152.575786  8.791038e+07
min              2022-01-03 00:00:00  124.591385  128.456450  124.423341  126.518993  3.519590e+07
25%              2022-04-02 12:00:00  142.799400  144.964512  140.376131  142.454336  7.229740e+07
50%              2022-07-05 00:00:00  151.855820  153.570566  149.736958  151.776928  8.373720e+07
75%              2022-10-01 12:00:00  163.372040  165.754608  161.384465  163.704375  9.693705e+07
max              2022-12-30 00:00:00  178.879929  179.793936  176.039622  179.489269  1.826020e+08
std                              NaN   12.697922   12.575340   12.753979   12.705786  2.365699e+07
2025-03-19 22:54:17,891 WARNING Outliers found:
Date       0
Close      0
High       0
Low        0
Open       0
Volume    14
dtype: int64
2025-03-19 22:54:17,893 INFO Calculating technical indicators...
2025-03-19 22:54:17,896 INFO Relative Strength Index (window=14) calculated successfully as RSI.
2025-03-19 22:54:17,899 INFO MACD (slow=26, fast=12, sign=9) calculated successfully.
2025-03-19 22:54:17,902 INFO Average True Range (window=14) calculated successfully.
2025-03-19 22:54:17,905 INFO Bollinger Bands (window=20, std_dev=2) calculated successfully.
2025-03-19 22:54:17,907 INFO Moving Average (window=20) calculated successfully.
2025-03-19 22:54:17,908 INFO Exponential Moving Average (window=20) calculated successfully.
2025-03-19 22:54:17,909 INFO Generating rule-based signals...
2025-03-19 22:54:17,911 INFO Rule-based signals generated successfully.
2025-03-19 22:54:17,912 INFO Columns after signal generation: ['Date', 'Close', 'High', 'Low', 'Open', 'Volume', 'RSI', 'MACD', 'MACD_Signal', 'MACD_Hist', 'ATR', 'BB_High', 'BB_Low', 'BB_Mid', 'MA_20', 'EMA_20', 'Rule_Signal', 'Signal']
2025-03-19 22:54:17,913 INFO Applying feature engineering (creating lagged features)...
2025-03-19 22:54:17,916 INFO Higher Highs and Lower Lows identified successfully.
2025-03-19 22:54:17,918 INFO Double Top pattern identified successfully.
2025-03-19 22:54:17,921 INFO Head and Shoulders pattern identified successfully.
2025-03-19 22:54:17,923 INFO Triple Bottom pattern identified successfully.
2025-03-19 22:54:17,925 INFO Cup and Handle pattern identified successfully.
2025-03-19 22:54:17,927 INFO Bullish Engulfing pattern identified successfully.
2025-03-19 22:54:17,930 INFO Bearish Engulfing pattern identified successfully.
2025-03-19 22:54:17,932 INFO Morning Star pattern identified successfully.
2025-03-19 22:54:17,933 INFO Evening Star pattern identified successfully.
2025-03-19 22:54:17,936 INFO Hammer pattern identified successfully.
2025-03-19 22:54:17,938 INFO Shooting Star pattern identified successfully.
2025-03-19 22:54:17,941 INFO RSI Divergence identified successfully.
2025-03-19 22:54:17,943 INFO Bollinger Band Squeeze identified successfully.
2025-03-19 22:54:17,945 INFO Moving Average Crossover identified successfully.
2025-03-19 22:54:17,951 INFO ADX Trend Strength identified successfully.
2025-03-19 22:54:17,960 INFO Stochastic Oscillator identified successfully.
2025-03-19 22:54:17,962 INFO Pennant pattern identified successfully.
2025-03-19 22:54:17,965 INFO Flag pattern identified successfully.
2025-03-19 22:54:17,967 INFO Wedge pattern identified successfully.
2025-03-19 22:54:17,969 INFO Triangle pattern identified successfully.
2025-03-19 22:54:17,970 INFO Patterns added successfully.
2025-03-19 22:54:17,971 INFO Moving Average (window=20) calculated successfully.
2025-03-19 22:54:17,972 INFO Exponential Moving Average (window=20) calculated successfully.
2025-03-19 22:54:17,976 INFO Relative Strength Index (window=14) calculated successfully as RSI.
2025-03-19 22:54:17,977 INFO Bollinger Bands (window=20, std_dev=2) calculated successfully.
2025-03-19 22:54:17,979 INFO MACD (slow=26, fast=12, sign=9) calculated successfully.
2025-03-19 22:54:17,982 INFO Average True Range (window=14) calculated successfully.
2025-03-19 22:54:17,984 INFO Stochastic Oscillator (window=14, smooth_window=3) calculated successfully.
2025-03-19 22:54:17,989 INFO Commodity Channel Index (window=20) calculated successfully.
2025-03-19 22:54:17,992 INFO Ichimoku Cloud (window1=9, window2=26, window3=52) calculated successfully.
2025-03-19 22:54:17,997 INFO Aroon Indicator (window=25) calculated successfully.
2025-03-19 22:54:18,025 INFO Parabolic SAR (acceleration=0.02, maximum=0.2) calculated successfully.
2025-03-19 22:54:18,029 INFO Volume Weighted Average Price (window=14) calculated successfully.
2025-03-19 22:54:18,031 INFO On-Balance Volume calculated successfully.
2025-03-19 22:54:18,036 INFO Money Flow Index (window=14) calculated successfully.
2025-03-19 22:54:18,038 INFO Chaikin Money Flow (window=20) calculated successfully.
2025-03-19 22:54:18,041 INFO Ease of Movement (window=14) calculated successfully.
2025-03-19 22:54:18,042 INFO Accumulation/Distribution Index calculated successfully.
2025-03-19 22:54:18,047 INFO Ultimate Oscillator (short_window=7, long_window=14) calculated successfully.
2025-03-19 22:54:18,048 INFO Indicators added successfully.
2025-03-19 22:54:18,051 INFO Missing values handled successfully.
2025-03-19 22:54:18,065 INFO Lagged features created successfully.
2025-03-19 22:54:18,075 INFO Data normalised successfully.
2025-03-19 22:54:18,078 INFO Feature engineering completed successfully.
2025-03-19 22:54:18,080 INFO Training model on engineered data...
2025-03-19 22:54:18,172 INFO Model trained successfully with accuracy: 1.00
2025-03-19 22:54:18,187 INFO Model signals applied successfully.
2025-03-19 22:54:18,190 INFO Consensus signal generated successfully.
2025-03-19 22:54:18,206 INFO Backtesting completed successfully.
2025-03-19 22:54:18,209 INFO Rule-Based Signal Accuracy: 1.00
2025-03-19 22:54:18,210 INFO Model-Based Signal Accuracy: 1.00
2025-03-19 22:54:18,212 INFO Rule-based accuracy: 1.00, Model accuracy: 1.00
2025-03-19 22:54:22,324 INFO Buy/Sell signals plotted for ['AAPL']
2025-03-19 22:54:23,423 INFO Backtesting balance plotted for ['AAPL']
2025-03-19 22:54:23,426 INFO Running forecasting model (LSTM)...
2025-03-19 22:54:24,910 INFO LSTM Epoch 0/50, Loss: 0.46338948607444763
2025-03-19 22:54:24,932 INFO LSTM Epoch 10/50, Loss: 0.39648908376693726
2025-03-19 22:54:24,950 INFO LSTM Epoch 20/50, Loss: 0.3333953022956848
2025-03-19 22:54:24,969 INFO LSTM Epoch 30/50, Loss: 0.2720138132572174
2025-03-19 22:54:24,987 INFO LSTM Epoch 40/50, Loss: 0.21271388232707977
2025-03-19 22:54:25,009 INFO LSTM forecasting completed successfully.
2025-03-19 22:54:25,010 INFO Running forecasting model (GRU)...
2025-03-19 22:54:25,020 INFO GRU Epoch 0/50, Loss: 0.42429491877555847
2025-03-19 22:54:25,039 INFO GRU Epoch 10/50, Loss: 0.33608362078666687
2025-03-19 22:54:25,061 INFO GRU Epoch 20/50, Loss: 0.25616899132728577
2025-03-19 22:54:25,090 INFO GRU Epoch 30/50, Loss: 0.18505175411701202
2025-03-19 22:54:25,110 INFO GRU Epoch 40/50, Loss: 0.12695418298244476
2025-03-19 22:54:25,132 ERROR Error making GRU predictions: GRU: Expected input to be 2D or 3D, got 4D instead
2025-03-19 22:54:25,133 ERROR Error running GRU forecaster: GRU: Expected input to be 2D or 3D, got 4D instead
2025-03-19 22:54:25,134 INFO Running forecasting model (ARIMA)...
2025-03-19 22:54:25,225 INFO ARIMA model trained successfully.
2025-03-19 22:54:25,236 INFO ARIMA forecasting completed successfully.
2025-03-19 22:54:25,237 INFO Running forecasting model (HoltWinters)...
2025-03-19 22:54:25,335 INFO Holt–Winters model trained successfully.
2025-03-19 22:54:25,339 INFO HoltWinters forecasting completed successfully.
2025-03-19 22:54:25,341 INFO Running forecasting model (LinearRegression)...
2025-03-19 22:54:25,343 INFO Linear Regression model trained successfully.
2025-03-19 22:54:25,346 INFO LinearRegression forecasting completed successfully.
2025-03-19 22:54:25,349 ERROR Error in risk management: 'volume'
2025-03-19 22:54:25,354 INFO Resistance levels (window=20) calculated successfully.
2025-03-19 22:54:25,358 INFO Support levels (window=20) calculated successfully.
2025-03-19 22:54:25,361 INFO Volatility (window=20) calculated successfully.
2025-03-19 22:54:25,363 INFO Volume moving average (window=20) calculated successfully.
2025-03-19 22:54:25,366 WARNING Data for AAPL is missing. Skipping.
2025-03-19 22:54:25,366 WARNING Data for AAPL is missing. Skipping.
2025-03-19 22:54:25,368 INFO Stock screening results: {'short_term': {}, 'long_term': {}}
2025-03-19 22:54:25,369 INFO Generating trade execution report...
2025-03-19 22:54:43,748 INFO Forecasts plotted for AAPL
2025-03-19 22:54:43,750 INFO Report saved at: reports\report_2025-03-19_22-54-25.xlsx
2025-03-19 22:54:43,751 INFO Trading pipeline completed successfully!
2025-03-19 22:55:59,076 INFO Starting trading pipeline...
2025-03-19 22:55:59,076 INFO Fetching data for ['AAPL'] from 2022-01-01 to 2022-12-31...
2025-03-19 22:55:59,413 INFO Data loaded successfully from Yahoo Finance for ['AAPL'] from 2022-01-01 to 2022-12-31
2025-03-19 22:55:59,414 INFO           Date       Close        High         Low        Open     Volume
0   2022-01-03  178.879929  179.734977  174.653889  174.771820  104487900
1   2022-01-04  176.609650  179.793936  176.039622  179.489269   99310400
2   2022-01-05  171.911819  177.071533  171.636636  176.521166   94537600
3   2022-01-06  169.042053  172.285305  168.688244  169.730012   96904000
4   2022-01-07  169.209137  171.145259  168.088742  169.916756   86709100
..         ...         ...         ...         ...         ...        ...
246 2022-12-23  130.344482  130.898044  128.149997  129.415284   63814900
247 2022-12-27  128.535507  129.899651  127.240566  129.869997   69007800
248 2022-12-28  124.591370  129.524015  124.423325  128.179646   85438400
249 2022-12-29  128.120346  128.980342  126.261956  126.518963   75703700
250 2022-12-30  128.436646  128.456420  125.965387  126.934126   77034200

[251 rows x 6 columns]
2025-03-19 22:55:59,422 INFO No missing values found.
2025-03-19 22:55:59,424 INFO No duplicate rows found.
2025-03-19 22:55:59,426 INFO Data types:
Date      datetime64[ns]
Close            float64
High             float64
Low              float64
Open             float64
Volume             int64
dtype: object
2025-03-19 22:55:59,440 INFO Data statistical summary:
                                Date       Close        High         Low        Open        Volume
count                            251  251.000000  251.000000  251.000000  251.000000  2.510000e+02
mean   2022-07-02 15:23:39.920318720  152.607555  154.650546  150.494616  152.575786  8.791038e+07
min              2022-01-03 00:00:00  124.591370  128.456420  124.423325  126.518963  3.519590e+07
25%              2022-04-02 12:00:00  142.799408  144.964497  140.376154  142.454329  7.229740e+07
50%              2022-07-05 00:00:00  151.855804  153.570566  149.736988  151.776943  8.373720e+07
75%              2022-10-01 12:00:00  163.372040  165.754616  161.384480  163.704375  9.693705e+07
max              2022-12-30 00:00:00  178.879929  179.793936  176.039622  179.489269  1.826020e+08
std                              NaN   12.697924   12.575342   12.753981   12.705788  2.365699e+07
2025-03-19 22:55:59,445 WARNING Outliers found:
Date       0
Close      0
High       0
Low        0
Open       0
Volume    14
dtype: int64
2025-03-19 22:55:59,446 INFO Calculating technical indicators...
2025-03-19 22:55:59,449 INFO Relative Strength Index (window=14) calculated successfully as RSI.
2025-03-19 22:55:59,451 INFO MACD (slow=26, fast=12, sign=9) calculated successfully.
2025-03-19 22:55:59,455 INFO Average True Range (window=14) calculated successfully.
2025-03-19 22:55:59,458 INFO Bollinger Bands (window=20, std_dev=2) calculated successfully.
2025-03-19 22:55:59,460 INFO Moving Average (window=20) calculated successfully.
2025-03-19 22:55:59,462 INFO Exponential Moving Average (window=20) calculated successfully.
2025-03-19 22:55:59,463 INFO Generating rule-based signals...
2025-03-19 22:55:59,465 INFO Rule-based signals generated successfully.
2025-03-19 22:55:59,467 INFO Columns after signal generation: ['Date', 'Close', 'High', 'Low', 'Open', 'Volume', 'RSI', 'MACD', 'MACD_Signal', 'MACD_Hist', 'ATR', 'BB_High', 'BB_Low', 'BB_Mid', 'MA_20', 'EMA_20', 'Rule_Signal', 'Signal']
2025-03-19 22:55:59,468 INFO Applying feature engineering (creating lagged features)...
2025-03-19 22:55:59,470 INFO Higher Highs and Lower Lows identified successfully.
2025-03-19 22:55:59,472 INFO Double Top pattern identified successfully.
2025-03-19 22:55:59,474 INFO Head and Shoulders pattern identified successfully.
2025-03-19 22:55:59,478 INFO Triple Bottom pattern identified successfully.
2025-03-19 22:55:59,481 INFO Cup and Handle pattern identified successfully.
2025-03-19 22:55:59,482 INFO Bullish Engulfing pattern identified successfully.
2025-03-19 22:55:59,484 INFO Bearish Engulfing pattern identified successfully.
2025-03-19 22:55:59,485 INFO Morning Star pattern identified successfully.
2025-03-19 22:55:59,488 INFO Evening Star pattern identified successfully.
2025-03-19 22:55:59,491 INFO Hammer pattern identified successfully.
2025-03-19 22:55:59,493 INFO Shooting Star pattern identified successfully.
2025-03-19 22:55:59,496 INFO RSI Divergence identified successfully.
2025-03-19 22:55:59,498 INFO Bollinger Band Squeeze identified successfully.
2025-03-19 22:55:59,501 INFO Moving Average Crossover identified successfully.
2025-03-19 22:55:59,507 INFO ADX Trend Strength identified successfully.
2025-03-19 22:55:59,510 INFO Stochastic Oscillator identified successfully.
2025-03-19 22:55:59,512 INFO Pennant pattern identified successfully.
2025-03-19 22:55:59,515 INFO Flag pattern identified successfully.
2025-03-19 22:55:59,516 INFO Wedge pattern identified successfully.
2025-03-19 22:55:59,519 INFO Triangle pattern identified successfully.
2025-03-19 22:55:59,520 INFO Patterns added successfully.
2025-03-19 22:55:59,521 INFO Moving Average (window=20) calculated successfully.
2025-03-19 22:55:59,522 INFO Exponential Moving Average (window=20) calculated successfully.
2025-03-19 22:55:59,525 INFO Relative Strength Index (window=14) calculated successfully as RSI.
2025-03-19 22:55:59,528 INFO Bollinger Bands (window=20, std_dev=2) calculated successfully.
2025-03-19 22:55:59,529 INFO MACD (slow=26, fast=12, sign=9) calculated successfully.
2025-03-19 22:55:59,532 INFO Average True Range (window=14) calculated successfully.
2025-03-19 22:55:59,534 INFO Stochastic Oscillator (window=14, smooth_window=3) calculated successfully.
2025-03-19 22:55:59,538 INFO Commodity Channel Index (window=20) calculated successfully.
2025-03-19 22:55:59,542 INFO Ichimoku Cloud (window1=9, window2=26, window3=52) calculated successfully.
2025-03-19 22:55:59,545 INFO Aroon Indicator (window=25) calculated successfully.
2025-03-19 22:55:59,569 INFO Parabolic SAR (acceleration=0.02, maximum=0.2) calculated successfully.
2025-03-19 22:55:59,571 INFO Volume Weighted Average Price (window=14) calculated successfully.
2025-03-19 22:55:59,572 INFO On-Balance Volume calculated successfully.
2025-03-19 22:55:59,578 INFO Money Flow Index (window=14) calculated successfully.
2025-03-19 22:55:59,580 INFO Chaikin Money Flow (window=20) calculated successfully.
2025-03-19 22:55:59,582 INFO Ease of Movement (window=14) calculated successfully.
2025-03-19 22:55:59,584 INFO Accumulation/Distribution Index calculated successfully.
2025-03-19 22:55:59,588 INFO Ultimate Oscillator (short_window=7, long_window=14) calculated successfully.
2025-03-19 22:55:59,588 INFO Indicators added successfully.
2025-03-19 22:55:59,591 INFO Missing values handled successfully.
2025-03-19 22:55:59,606 INFO Lagged features created successfully.
2025-03-19 22:55:59,615 INFO Data normalised successfully.
2025-03-19 22:55:59,618 INFO Feature engineering completed successfully.
2025-03-19 22:55:59,619 INFO Training model on engineered data...
2025-03-19 22:55:59,713 INFO Model trained successfully with accuracy: 1.00
2025-03-19 22:55:59,728 INFO Model signals applied successfully.
2025-03-19 22:55:59,730 INFO Consensus signal generated successfully.
2025-03-19 22:55:59,748 INFO Backtesting completed successfully.
2025-03-19 22:55:59,751 INFO Rule-Based Signal Accuracy: 1.00
2025-03-19 22:55:59,753 INFO Model-Based Signal Accuracy: 1.00
2025-03-19 22:55:59,754 INFO Rule-based accuracy: 1.00, Model accuracy: 1.00
2025-03-19 22:56:03,407 INFO Buy/Sell signals plotted for ['AAPL']
2025-03-19 22:56:04,155 INFO Backtesting balance plotted for ['AAPL']
2025-03-19 22:56:04,156 INFO Running forecasting model (LSTM)...
2025-03-19 22:56:05,577 INFO LSTM Epoch 0/50, Loss: 0.23399829864501953
2025-03-19 22:56:05,596 INFO LSTM Epoch 10/50, Loss: 0.19284090399742126
2025-03-19 22:56:05,615 INFO LSTM Epoch 20/50, Loss: 0.15563030540943146
2025-03-19 22:56:05,635 INFO LSTM Epoch 30/50, Loss: 0.12206025421619415
2025-03-19 22:56:05,654 INFO LSTM Epoch 40/50, Loss: 0.09365248680114746
2025-03-19 22:56:05,675 INFO LSTM forecasting completed successfully.
2025-03-19 22:56:05,676 INFO Running forecasting model (GRU)...
2025-03-19 22:56:05,685 INFO GRU Epoch 0/50, Loss: 0.3571365773677826
2025-03-19 22:56:05,705 INFO GRU Epoch 10/50, Loss: 0.2747455835342407
2025-03-19 22:56:05,724 INFO GRU Epoch 20/50, Loss: 0.20373909175395966
2025-03-19 22:56:05,744 INFO GRU Epoch 30/50, Loss: 0.14474213123321533
2025-03-19 22:56:05,761 INFO GRU Epoch 40/50, Loss: 0.10049472749233246
2025-03-19 22:56:05,780 ERROR Error making GRU predictions: GRU: Expected input to be 2D or 3D, got 4D instead
2025-03-19 22:56:05,781 ERROR Error running GRU forecaster: GRU: Expected input to be 2D or 3D, got 4D instead
2025-03-19 22:56:05,782 INFO Running forecasting model (ARIMA)...
2025-03-19 22:56:05,858 INFO ARIMA model trained successfully.
2025-03-19 22:56:05,867 INFO ARIMA forecasting completed successfully.
2025-03-19 22:56:05,869 INFO Running forecasting model (HoltWinters)...
2025-03-19 22:56:05,953 INFO Holt–Winters model trained successfully.
2025-03-19 22:56:05,958 INFO HoltWinters forecasting completed successfully.
2025-03-19 22:56:05,960 INFO Running forecasting model (LinearRegression)...
2025-03-19 22:56:05,963 INFO Linear Regression model trained successfully.
2025-03-19 22:56:05,965 INFO LinearRegression forecasting completed successfully.
2025-03-19 22:56:05,966 ERROR Error in risk management: 'volume'
2025-03-19 22:56:05,970 INFO Resistance levels (window=20) calculated successfully.
2025-03-19 22:56:05,973 INFO Support levels (window=20) calculated successfully.
2025-03-19 22:56:05,976 INFO Volatility (window=20) calculated successfully.
2025-03-19 22:56:05,978 INFO Volume moving average (window=20) calculated successfully.
2025-03-19 22:56:05,980 WARNING Data for AAPL is missing. Skipping.
2025-03-19 22:56:05,981 WARNING Data for AAPL is missing. Skipping.
2025-03-19 22:56:05,982 INFO Stock screening results: {'short_term': {}, 'long_term': {}}
2025-03-19 22:56:05,983 INFO Generating trade execution report...
2025-03-19 22:56:39,912 INFO Forecasts plotted for AAPL
2025-03-19 22:56:39,916 INFO Report saved at: reports\report_2025-03-19_22-56-06.xlsx
2025-03-19 22:56:39,918 INFO Trading pipeline completed successfully!
2025-03-19 22:57:04,463 INFO Starting trading pipeline...
2025-03-19 22:57:04,464 INFO Fetching data for ['AAPL'] from 2022-01-01 to 2022-12-31...
2025-03-19 22:57:04,791 INFO Data loaded successfully from Yahoo Finance for ['AAPL'] from 2022-01-01 to 2022-12-31
2025-03-19 22:57:04,794 INFO           Date       Close        High         Low        Open     Volume
0   2022-01-03  178.879913  179.734962  174.653874  174.771805  104487900
1   2022-01-04  176.609650  179.793936  176.039622  179.489269   99310400
2   2022-01-05  171.911850  177.071564  171.636666  176.521197   94537600
3   2022-01-06  169.042099  172.285352  168.688289  169.730058   96904000
4   2022-01-07  169.209167  171.145290  168.088773  169.916787   86709100
..         ...         ...         ...         ...         ...        ...
246 2022-12-23  130.344498  130.898059  128.150012  129.415299   63814900
247 2022-12-27  128.535507  129.899651  127.240566  129.869997   69007800
248 2022-12-28  124.591385  129.524031  124.423341  128.179661   85438400
249 2022-12-29  128.120331  128.980327  126.261941  126.518948   75703700
250 2022-12-30  128.436646  128.456420  125.965387  126.934126   77034200

[251 rows x 6 columns]
2025-03-19 22:57:04,802 INFO No missing values found.
2025-03-19 22:57:04,804 INFO No duplicate rows found.
2025-03-19 22:57:04,806 INFO Data types:
Date      datetime64[ns]
Close            float64
High             float64
Low              float64
Open             float64
Volume             int64
dtype: object
2025-03-19 22:57:04,819 INFO Data statistical summary:
                                Date       Close        High         Low        Open        Volume
count                            251  251.000000  251.000000  251.000000  251.000000  2.510000e+02
mean   2022-07-02 15:23:39.920318720  152.607556  154.650547  150.494617  152.575787  8.791038e+07
min              2022-01-03 00:00:00  124.591385  128.456420  124.423341  126.518948  3.519590e+07
25%              2022-04-02 12:00:00  142.799393  144.964513  140.376131  142.454336  7.229740e+07
50%              2022-07-05 00:00:00  151.855804  153.570551  149.736988  151.776943  8.373720e+07
75%              2022-10-01 12:00:00  163.372032  165.754616  161.384472  163.704360  9.693705e+07
max              2022-12-30 00:00:00  178.879913  179.793936  176.039622  179.489269  1.826020e+08
std                              NaN   12.697922   12.575340   12.753979   12.705786  2.365699e+07
2025-03-19 22:57:04,825 WARNING Outliers found:
Date       0
Close      0
High       0
Low        0
Open       0
Volume    14
dtype: int64
2025-03-19 22:57:04,826 INFO Calculating technical indicators...
2025-03-19 22:57:04,829 INFO Relative Strength Index (window=14) calculated successfully as RSI.
2025-03-19 22:57:04,832 INFO MACD (slow=26, fast=12, sign=9) calculated successfully.
2025-03-19 22:57:04,835 INFO Average True Range (window=14) calculated successfully.
2025-03-19 22:57:04,838 INFO Bollinger Bands (window=20, std_dev=2) calculated successfully.
2025-03-19 22:57:04,840 INFO Moving Average (window=20) calculated successfully.
2025-03-19 22:57:04,843 INFO Exponential Moving Average (window=20) calculated successfully.
2025-03-19 22:57:04,844 INFO Generating rule-based signals...
2025-03-19 22:57:04,847 INFO Rule-based signals generated successfully.
2025-03-19 22:57:04,850 INFO Columns after signal generation: ['Date', 'Close', 'High', 'Low', 'Open', 'Volume', 'RSI', 'MACD', 'MACD_Signal', 'MACD_Hist', 'ATR', 'BB_High', 'BB_Low', 'BB_Mid', 'MA_20', 'EMA_20', 'Rule_Signal', 'Signal']
2025-03-19 22:57:04,851 INFO Applying feature engineering (creating lagged features)...
2025-03-19 22:57:04,854 INFO Higher Highs and Lower Lows identified successfully.
2025-03-19 22:57:04,856 INFO Double Top pattern identified successfully.
2025-03-19 22:57:04,859 INFO Head and Shoulders pattern identified successfully.
2025-03-19 22:57:04,861 INFO Triple Bottom pattern identified successfully.
2025-03-19 22:57:04,865 INFO Cup and Handle pattern identified successfully.
2025-03-19 22:57:04,866 INFO Bullish Engulfing pattern identified successfully.
2025-03-19 22:57:04,869 INFO Bearish Engulfing pattern identified successfully.
2025-03-19 22:57:04,872 INFO Morning Star pattern identified successfully.
2025-03-19 22:57:04,874 INFO Evening Star pattern identified successfully.
2025-03-19 22:57:04,876 INFO Hammer pattern identified successfully.
2025-03-19 22:57:04,879 INFO Shooting Star pattern identified successfully.
2025-03-19 22:57:04,883 INFO RSI Divergence identified successfully.
2025-03-19 22:57:04,886 INFO Bollinger Band Squeeze identified successfully.
2025-03-19 22:57:04,889 INFO Moving Average Crossover identified successfully.
2025-03-19 22:57:04,894 INFO ADX Trend Strength identified successfully.
2025-03-19 22:57:04,897 INFO Stochastic Oscillator identified successfully.
2025-03-19 22:57:04,899 INFO Pennant pattern identified successfully.
2025-03-19 22:57:04,902 INFO Flag pattern identified successfully.
2025-03-19 22:57:04,904 INFO Wedge pattern identified successfully.
2025-03-19 22:57:04,907 INFO Triangle pattern identified successfully.
2025-03-19 22:57:04,908 INFO Patterns added successfully.
2025-03-19 22:57:04,909 INFO Moving Average (window=20) calculated successfully.
2025-03-19 22:57:04,910 INFO Exponential Moving Average (window=20) calculated successfully.
2025-03-19 22:57:04,913 INFO Relative Strength Index (window=14) calculated successfully as RSI.
2025-03-19 22:57:04,914 INFO Bollinger Bands (window=20, std_dev=2) calculated successfully.
2025-03-19 22:57:04,916 INFO MACD (slow=26, fast=12, sign=9) calculated successfully.
2025-03-19 22:57:04,919 INFO Average True Range (window=14) calculated successfully.
2025-03-19 22:57:04,921 INFO Stochastic Oscillator (window=14, smooth_window=3) calculated successfully.
2025-03-19 22:57:04,926 INFO Commodity Channel Index (window=20) calculated successfully.
2025-03-19 22:57:04,929 INFO Ichimoku Cloud (window1=9, window2=26, window3=52) calculated successfully.
2025-03-19 22:57:04,932 INFO Aroon Indicator (window=25) calculated successfully.
2025-03-19 22:57:04,955 INFO Parabolic SAR (acceleration=0.02, maximum=0.2) calculated successfully.
2025-03-19 22:57:04,958 INFO Volume Weighted Average Price (window=14) calculated successfully.
2025-03-19 22:57:04,960 INFO On-Balance Volume calculated successfully.
2025-03-19 22:57:04,966 INFO Money Flow Index (window=14) calculated successfully.
2025-03-19 22:57:04,968 INFO Chaikin Money Flow (window=20) calculated successfully.
2025-03-19 22:57:04,971 INFO Ease of Movement (window=14) calculated successfully.
2025-03-19 22:57:04,973 INFO Accumulation/Distribution Index calculated successfully.
2025-03-19 22:57:04,977 INFO Ultimate Oscillator (short_window=7, long_window=14) calculated successfully.
2025-03-19 22:57:04,978 INFO Indicators added successfully.
2025-03-19 22:57:04,981 INFO Missing values handled successfully.
2025-03-19 22:57:04,996 INFO Lagged features created successfully.
2025-03-19 22:57:05,006 INFO Data normalised successfully.
2025-03-19 22:57:05,017 INFO Feature engineering completed successfully.
2025-03-19 22:57:05,019 INFO Training model on engineered data...
2025-03-19 22:57:05,113 INFO Model trained successfully with accuracy: 1.00
2025-03-19 22:57:05,128 INFO Model signals applied successfully.
2025-03-19 22:57:05,130 INFO Consensus signal generated successfully.
2025-03-19 22:57:05,147 INFO Backtesting completed successfully.
2025-03-19 22:57:05,150 INFO Rule-Based Signal Accuracy: 1.00
2025-03-19 22:57:05,151 INFO Model-Based Signal Accuracy: 1.00
2025-03-19 22:57:05,152 INFO Rule-based accuracy: 1.00, Model accuracy: 1.00
2025-03-19 22:57:08,345 INFO Buy/Sell signals plotted for ['AAPL']
2025-03-19 22:57:09,492 INFO Backtesting balance plotted for ['AAPL']
2025-03-19 22:57:09,494 INFO Running forecasting model (LSTM)...
2025-03-19 22:57:10,951 INFO LSTM Epoch 0/50, Loss: 0.37975993752479553
2025-03-19 22:57:10,969 INFO LSTM Epoch 10/50, Loss: 0.3237145245075226
2025-03-19 22:57:10,987 INFO LSTM Epoch 20/50, Loss: 0.27106913924217224
2025-03-19 22:57:11,006 INFO LSTM Epoch 30/50, Loss: 0.22000347077846527
2025-03-19 22:57:11,026 INFO LSTM Epoch 40/50, Loss: 0.17101849615573883
2025-03-19 22:57:11,046 INFO LSTM forecasting completed successfully.
2025-03-19 22:57:11,049 INFO Running forecasting model (GRU)...
2025-03-19 22:57:11,057 INFO GRU Epoch 0/50, Loss: 0.420998752117157
2025-03-19 22:57:11,077 INFO GRU Epoch 10/50, Loss: 0.3329450190067291
2025-03-19 22:57:11,097 INFO GRU Epoch 20/50, Loss: 0.2532672584056854
2025-03-19 22:57:11,115 INFO GRU Epoch 30/50, Loss: 0.18241293728351593
2025-03-19 22:57:11,132 INFO GRU Epoch 40/50, Loss: 0.12441562116146088
2025-03-19 22:57:11,148 ERROR Error making GRU predictions: GRU: Expected input to be 2D or 3D, got 4D instead
2025-03-19 22:57:11,149 ERROR Error running GRU forecaster: GRU: Expected input to be 2D or 3D, got 4D instead
2025-03-19 22:57:11,151 INFO Running forecasting model (ARIMA)...
2025-03-19 22:57:11,226 INFO ARIMA model trained successfully.
2025-03-19 22:57:11,235 INFO ARIMA forecasting completed successfully.
2025-03-19 22:57:11,237 INFO Running forecasting model (HoltWinters)...
2025-03-19 22:57:11,316 INFO Holt–Winters model trained successfully.
2025-03-19 22:57:11,321 INFO HoltWinters forecasting completed successfully.
2025-03-19 22:57:11,322 INFO Running forecasting model (LinearRegression)...
2025-03-19 22:57:11,325 INFO Linear Regression model trained successfully.
2025-03-19 22:57:11,327 INFO LinearRegression forecasting completed successfully.
2025-03-19 22:57:11,329 ERROR Error in risk management: 'volume'
2025-03-19 22:57:11,334 INFO Resistance levels (window=20) calculated successfully.
2025-03-19 22:57:11,338 INFO Support levels (window=20) calculated successfully.
2025-03-19 22:57:11,342 INFO Volatility (window=20) calculated successfully.
2025-03-19 22:57:11,345 INFO Volume moving average (window=20) calculated successfully.
2025-03-19 22:57:11,351 WARNING Data for AAPL is missing. Skipping.
2025-03-19 22:57:11,353 WARNING Data for AAPL is missing. Skipping.
2025-03-19 22:57:11,354 INFO Stock screening results: {'short_term': {}, 'long_term': {}}
2025-03-19 22:57:11,355 INFO Generating trade execution report...
2025-03-19 22:57:39,568 INFO Forecasts plotted for AAPL
2025-03-19 22:57:39,570 INFO Report saved at: reports\report_2025-03-19_22-57-11.xlsx
2025-03-19 22:57:39,571 INFO Trading pipeline completed successfully!
2025-03-19 23:00:26,763 INFO Starting trading pipeline...
2025-03-19 23:00:26,764 INFO Fetching data for ['AAPL'] from 2022-01-01 to 2022-12-31...
2025-03-19 23:00:27,086 INFO Data loaded successfully from Yahoo Finance for ['AAPL'] from 2022-01-01 to 2022-12-31
2025-03-19 23:00:27,087 INFO           Date       Close        High         Low        Open     Volume
0   2022-01-03  178.879944  179.734993  174.653904  174.771835  104487900
1   2022-01-04  176.609634  179.793920  176.039607  179.489254   99310400
2   2022-01-05  171.911835  177.071549  171.636651  176.521181   94537600
3   2022-01-06  169.042068  172.285320  168.688259  169.730027   96904000
4   2022-01-07  169.209137  171.145259  168.088742  169.916756   86709100
..         ...         ...         ...         ...         ...        ...
246 2022-12-23  130.344482  130.898044  128.149997  129.415284   63814900
247 2022-12-27  128.535507  129.899651  127.240566  129.869997   69007800
248 2022-12-28  124.591377  129.524023  124.423333  128.179654   85438400
249 2022-12-29  128.120361  128.980357  126.261971  126.518978   75703700
250 2022-12-30  128.436676  128.456450  125.965417  126.934157   77034200

[251 rows x 6 columns]
2025-03-19 23:00:27,095 INFO No missing values found.
2025-03-19 23:00:27,097 INFO No duplicate rows found.
2025-03-19 23:00:27,099 INFO Data types:
Date      datetime64[ns]
Close            float64
High             float64
Low              float64
Open             float64
Volume             int64
dtype: object
2025-03-19 23:00:27,111 INFO Data statistical summary:
                                Date       Close        High         Low        Open        Volume
count                            251  251.000000  251.000000  251.000000  251.000000  2.510000e+02
mean   2022-07-02 15:23:39.920318720  152.607556  154.650547  150.494617  152.575787  8.791038e+07
min              2022-01-03 00:00:00  124.591377  128.456450  124.423333  126.518978  3.519590e+07
25%              2022-04-02 12:00:00  142.799416  144.964497  140.376146  142.454336  7.229740e+07
50%              2022-07-05 00:00:00  151.855789  153.570566  149.736973  151.776959  8.373720e+07
75%              2022-10-01 12:00:00  163.372055  165.754616  161.384472  163.704360  9.693705e+07
max              2022-12-30 00:00:00  178.879944  179.793920  176.039607  179.489254  1.826020e+08
std                              NaN   12.697923   12.575341   12.753980   12.705787  2.365699e+07
2025-03-19 23:00:27,116 WARNING Outliers found:
Date       0
Close      0
High       0
Low        0
Open       0
Volume    14
dtype: int64
2025-03-19 23:00:27,118 INFO Calculating technical indicators...
2025-03-19 23:00:27,120 INFO Relative Strength Index (window=14) calculated successfully as RSI.
2025-03-19 23:00:27,122 INFO MACD (slow=26, fast=12, sign=9) calculated successfully.
2025-03-19 23:00:27,126 INFO Average True Range (window=14) calculated successfully.
2025-03-19 23:00:27,128 INFO Bollinger Bands (window=20, std_dev=2) calculated successfully.
2025-03-19 23:00:27,130 INFO Moving Average (window=20) calculated successfully.
2025-03-19 23:00:27,132 INFO Exponential Moving Average (window=20) calculated successfully.
2025-03-19 23:00:27,132 INFO Generating rule-based signals...
2025-03-19 23:00:27,134 INFO Rule-based signals generated successfully.
2025-03-19 23:00:27,135 INFO Columns after signal generation: ['Date', 'Close', 'High', 'Low', 'Open', 'Volume', 'RSI', 'MACD', 'MACD_Signal', 'MACD_Hist', 'ATR', 'BB_High', 'BB_Low', 'BB_Mid', 'MA_20', 'EMA_20', 'Rule_Signal', 'Signal']
2025-03-19 23:00:27,137 INFO Applying feature engineering (creating lagged features)...
2025-03-19 23:00:27,140 INFO Higher Highs and Lower Lows identified successfully.
2025-03-19 23:00:27,141 INFO Double Top pattern identified successfully.
2025-03-19 23:00:27,144 INFO Head and Shoulders pattern identified successfully.
2025-03-19 23:00:27,148 INFO Triple Bottom pattern identified successfully.
2025-03-19 23:00:27,150 INFO Cup and Handle pattern identified successfully.
2025-03-19 23:00:27,152 INFO Bullish Engulfing pattern identified successfully.
2025-03-19 23:00:27,154 INFO Bearish Engulfing pattern identified successfully.
2025-03-19 23:00:27,155 INFO Morning Star pattern identified successfully.
2025-03-19 23:00:27,157 INFO Evening Star pattern identified successfully.
2025-03-19 23:00:27,159 INFO Hammer pattern identified successfully.
2025-03-19 23:00:27,160 INFO Shooting Star pattern identified successfully.
2025-03-19 23:00:27,164 INFO RSI Divergence identified successfully.
2025-03-19 23:00:27,166 INFO Bollinger Band Squeeze identified successfully.
2025-03-19 23:00:27,169 INFO Moving Average Crossover identified successfully.
2025-03-19 23:00:27,175 INFO ADX Trend Strength identified successfully.
2025-03-19 23:00:27,177 INFO Stochastic Oscillator identified successfully.
2025-03-19 23:00:27,179 INFO Pennant pattern identified successfully.
2025-03-19 23:00:27,181 INFO Flag pattern identified successfully.
2025-03-19 23:00:27,183 INFO Wedge pattern identified successfully.
2025-03-19 23:00:27,185 INFO Triangle pattern identified successfully.
2025-03-19 23:00:27,186 INFO Patterns added successfully.
2025-03-19 23:00:27,188 INFO Moving Average (window=20) calculated successfully.
2025-03-19 23:00:27,189 INFO Exponential Moving Average (window=20) calculated successfully.
2025-03-19 23:00:27,191 INFO Relative Strength Index (window=14) calculated successfully as RSI.
2025-03-19 23:00:27,193 INFO Bollinger Bands (window=20, std_dev=2) calculated successfully.
2025-03-19 23:00:27,195 INFO MACD (slow=26, fast=12, sign=9) calculated successfully.
2025-03-19 23:00:27,198 INFO Average True Range (window=14) calculated successfully.
2025-03-19 23:00:27,201 INFO Stochastic Oscillator (window=14, smooth_window=3) calculated successfully.
2025-03-19 23:00:27,206 INFO Commodity Channel Index (window=20) calculated successfully.
2025-03-19 23:00:27,209 INFO Ichimoku Cloud (window1=9, window2=26, window3=52) calculated successfully.
2025-03-19 23:00:27,212 INFO Aroon Indicator (window=25) calculated successfully.
2025-03-19 23:00:27,235 INFO Parabolic SAR (acceleration=0.02, maximum=0.2) calculated successfully.
2025-03-19 23:00:27,238 INFO Volume Weighted Average Price (window=14) calculated successfully.
2025-03-19 23:00:27,239 INFO On-Balance Volume calculated successfully.
2025-03-19 23:00:27,245 INFO Money Flow Index (window=14) calculated successfully.
2025-03-19 23:00:27,247 INFO Chaikin Money Flow (window=20) calculated successfully.
2025-03-19 23:00:27,248 INFO Ease of Movement (window=14) calculated successfully.
2025-03-19 23:00:27,250 INFO Accumulation/Distribution Index calculated successfully.
2025-03-19 23:00:27,255 INFO Ultimate Oscillator (short_window=7, long_window=14) calculated successfully.
2025-03-19 23:00:27,257 INFO Indicators added successfully.
2025-03-19 23:00:27,259 INFO Missing values handled successfully.
2025-03-19 23:00:27,273 INFO Lagged features created successfully.
2025-03-19 23:00:27,281 INFO Data normalised successfully.
2025-03-19 23:00:27,286 INFO Feature engineering completed successfully.
2025-03-19 23:00:27,287 INFO Training model on engineered data...
2025-03-19 23:00:27,378 INFO Model trained successfully with accuracy: 1.00
2025-03-19 23:00:27,393 INFO Model signals applied successfully.
2025-03-19 23:00:27,396 INFO Consensus signal generated successfully.
2025-03-19 23:00:27,411 INFO Backtesting completed successfully.
2025-03-19 23:00:27,414 INFO Rule-Based Signal Accuracy: 1.00
2025-03-19 23:00:27,415 INFO Model-Based Signal Accuracy: 1.00
2025-03-19 23:00:27,416 INFO Rule-based accuracy: 1.00, Model accuracy: 1.00
2025-03-19 23:00:31,747 INFO Buy/Sell signals plotted for ['AAPL']
2025-03-19 23:00:32,719 INFO Backtesting balance plotted for ['AAPL']
2025-03-19 23:00:32,720 INFO Training forecasting model (LSTM)...
2025-03-19 23:00:34,207 INFO LSTM Epoch 0/50, Loss: 0.45245903730392456
2025-03-19 23:00:34,225 INFO LSTM Epoch 10/50, Loss: 0.3891396224498749
2025-03-19 23:00:34,242 INFO LSTM Epoch 20/50, Loss: 0.32983747124671936
2025-03-19 23:00:34,260 INFO LSTM Epoch 30/50, Loss: 0.2721121907234192
2025-03-19 23:00:34,277 INFO LSTM Epoch 40/50, Loss: 0.21564635634422302
2025-03-19 23:00:34,294 INFO Running forecasting model (LSTM)...
2025-03-19 23:00:34,303 INFO LSTM Epoch 0/50, Loss: 0.32317331433296204
2025-03-19 23:00:34,318 INFO LSTM Epoch 10/50, Loss: 0.27428293228149414
2025-03-19 23:00:34,334 INFO LSTM Epoch 20/50, Loss: 0.22932323813438416
2025-03-19 23:00:34,353 INFO LSTM Epoch 30/50, Loss: 0.18664540350437164
2025-03-19 23:00:34,367 INFO LSTM Epoch 40/50, Loss: 0.14651432633399963
2025-03-19 23:00:34,387 INFO LSTM forecasting completed successfully.
2025-03-19 23:00:34,388 INFO Training forecasting model (GRU)...
2025-03-19 23:00:34,395 INFO GRU Epoch 0/50, Loss: 0.2637314200401306
2025-03-19 23:00:34,413 INFO GRU Epoch 10/50, Loss: 0.19887350499629974
2025-03-19 23:00:34,430 INFO GRU Epoch 20/50, Loss: 0.14501109719276428
2025-03-19 23:00:34,445 INFO GRU Epoch 30/50, Loss: 0.1038292720913887
2025-03-19 23:00:34,461 INFO GRU Epoch 40/50, Loss: 0.07774125039577484
2025-03-19 23:00:34,475 INFO Running forecasting model (GRU)...
2025-03-19 23:00:34,482 INFO GRU Epoch 0/50, Loss: 0.30317091941833496
2025-03-19 23:00:34,497 INFO GRU Epoch 10/50, Loss: 0.23369349539279938
2025-03-19 23:00:34,511 INFO GRU Epoch 20/50, Loss: 0.17413851618766785
2025-03-19 23:00:34,526 INFO GRU Epoch 30/50, Loss: 0.12524835765361786
2025-03-19 23:00:34,539 INFO GRU Epoch 40/50, Loss: 0.08994723856449127
2025-03-19 23:00:34,551 ERROR Error making GRU predictions: GRU: Expected input to be 2D or 3D, got 4D instead
2025-03-19 23:00:34,552 ERROR Error running GRU forecaster: GRU: Expected input to be 2D or 3D, got 4D instead
2025-03-19 23:00:34,553 INFO Training forecasting model (ARIMA)...
2025-03-19 23:00:34,623 INFO ARIMA model trained successfully.
2025-03-19 23:00:34,624 INFO Running forecasting model (ARIMA)...
2025-03-19 23:00:34,668 INFO ARIMA model trained successfully.
2025-03-19 23:00:34,673 INFO ARIMA forecasting completed successfully.
2025-03-19 23:00:34,674 INFO Training forecasting model (HoltWinters)...
2025-03-19 23:00:34,750 INFO Holt–Winters model trained successfully.
2025-03-19 23:00:34,752 INFO Running forecasting model (HoltWinters)...
2025-03-19 23:00:34,799 INFO Holt–Winters model trained successfully.
2025-03-19 23:00:34,802 INFO HoltWinters forecasting completed successfully.
2025-03-19 23:00:34,804 INFO Training forecasting model (LinearRegression)...
2025-03-19 23:00:34,807 INFO Linear Regression model trained successfully.
2025-03-19 23:00:34,807 INFO Running forecasting model (LinearRegression)...
2025-03-19 23:00:34,809 INFO Linear Regression model trained successfully.
2025-03-19 23:00:34,811 INFO LinearRegression forecasting completed successfully.
2025-03-19 23:00:34,812 ERROR Error in risk management: 'volume'
2025-03-19 23:00:34,816 INFO Resistance levels (window=20) calculated successfully.
2025-03-19 23:00:34,818 INFO Support levels (window=20) calculated successfully.
2025-03-19 23:00:34,822 INFO Volatility (window=20) calculated successfully.
2025-03-19 23:00:34,825 INFO Volume moving average (window=20) calculated successfully.
2025-03-19 23:00:34,826 WARNING Data for AAPL is missing. Skipping.
2025-03-19 23:00:34,827 WARNING Data for AAPL is missing. Skipping.
2025-03-19 23:00:34,828 INFO Stock screening results: {'short_term': {}, 'long_term': {}}
2025-03-19 23:00:34,829 INFO Generating trade execution report...
2025-03-19 23:00:35,608 ERROR Error plotting forecasts for AAPL: -1
2025-03-19 23:03:05,722 INFO Data loaded successfully from Yahoo Finance for ['AAPL'] from 2022-01-01 to 2022-12-31
2025-03-19 23:03:05,724 INFO           Date       Close        High         Low        Open     Volume
0   2022-01-03  178.879898  179.734947  174.653859  174.771790  104487900
1   2022-01-04  176.609619  179.793905  176.039592  179.489238   99310400
2   2022-01-05  171.911850  177.071564  171.636666  176.521197   94537600
3   2022-01-06  169.042053  172.285305  168.688244  169.730012   96904000
4   2022-01-07  169.209122  171.145244  168.088727  169.916741   86709100
..         ...         ...         ...         ...         ...        ...
246 2022-12-23  130.344452  130.898013  128.149967  129.415253   63814900
247 2022-12-27  128.535538  129.899682  127.240596  129.870028   69007800
248 2022-12-28  124.591377  129.524023  124.423333  128.179654   85438400
249 2022-12-29  128.120346  128.980342  126.261956  126.518963   75703700
250 2022-12-30  128.436676  128.456450  125.965417  126.934157   77034200

[251 rows x 6 columns]
2025-03-19 23:04:12,027 INFO Data loaded successfully from Yahoo Finance for ['AAPL'] from 2022-01-01 to 2022-12-31
2025-03-19 23:04:12,028 INFO           Date       Close        High         Low        Open     Volume
0   2022-01-03  178.879898  179.734947  174.653859  174.771790  104487900
1   2022-01-04  176.609650  179.793936  176.039622  179.489269   99310400
2   2022-01-05  171.911865  177.071580  171.636682  176.521213   94537600
3   2022-01-06  169.042038  172.285289  168.688228  169.729997   96904000
4   2022-01-07  169.209152  171.145275  168.088758  169.916771   86709100
..         ...         ...         ...         ...         ...        ...
246 2022-12-23  130.344498  130.898059  128.150012  129.415299   63814900
247 2022-12-27  128.535522  129.899667  127.240581  129.870013   69007800
248 2022-12-28  124.591385  129.524031  124.423341  128.179661   85438400
249 2022-12-29  128.120361  128.980357  126.261971  126.518978   75703700
250 2022-12-30  128.436676  128.456450  125.965417  126.934157   77034200

[251 rows x 6 columns]
2025-03-19 23:06:20,406 INFO Data loaded successfully from Yahoo Finance for ['AAPL'] from 2022-01-01 to 2022-12-31
2025-03-19 23:06:20,408 INFO           Date       Close        High         Low        Open     Volume
0   2022-01-03  178.879913  179.734962  174.653874  174.771805  104487900
1   2022-01-04  176.609619  179.793905  176.039592  179.489238   99310400
2   2022-01-05  171.911850  177.071564  171.636666  176.521197   94537600
3   2022-01-06  169.042068  172.285320  168.688259  169.730027   96904000
4   2022-01-07  169.209167  171.145290  168.088773  169.916787   86709100
..         ...         ...         ...         ...         ...        ...
246 2022-12-23  130.344482  130.898044  128.149997  129.415284   63814900
247 2022-12-27  128.535507  129.899651  127.240566  129.869997   69007800
248 2022-12-28  124.591385  129.524031  124.423341  128.179661   85438400
249 2022-12-29  128.120361  128.980357  126.261971  126.518978   75703700
250 2022-12-30  128.436646  128.456420  125.965387  126.934126   77034200

[251 rows x 6 columns]
2025-03-19 23:06:20,417 INFO Running forecasting models...
2025-03-19 23:06:20,417 INFO Running forecasting models...
2025-03-19 23:06:20,420 INFO Running LSTM forecaster...
2025-03-19 23:06:20,420 INFO Running LSTM forecaster...
2025-03-19 23:06:22,524 INFO LSTM Epoch 0/50, Loss: 0.5308039784431458
2025-03-19 23:06:22,524 INFO LSTM Epoch 0/50, Loss: 0.5308039784431458
2025-03-19 23:06:22,544 INFO LSTM Epoch 10/50, Loss: 0.46372461318969727
2025-03-19 23:06:22,544 INFO LSTM Epoch 10/50, Loss: 0.46372461318969727
2025-03-19 23:06:22,561 INFO LSTM Epoch 20/50, Loss: 0.39743703603744507
2025-03-19 23:06:22,561 INFO LSTM Epoch 20/50, Loss: 0.39743703603744507
2025-03-19 23:06:22,576 INFO LSTM Epoch 30/50, Loss: 0.33015960454940796
2025-03-19 23:06:22,576 INFO LSTM Epoch 30/50, Loss: 0.33015960454940796
2025-03-19 23:06:22,592 INFO LSTM Epoch 40/50, Loss: 0.26217737793922424
2025-03-19 23:06:22,592 INFO LSTM Epoch 40/50, Loss: 0.26217737793922424
2025-03-19 23:06:22,610 INFO LSTM forecasting completed.
2025-03-19 23:06:22,610 INFO LSTM forecasting completed.
2025-03-19 23:06:22,614 INFO Running GRU forecaster...
2025-03-19 23:06:22,614 INFO Running GRU forecaster...
2025-03-19 23:06:22,620 INFO GRU Epoch 0/50, Loss: 0.35503891110420227
2025-03-19 23:06:22,620 INFO GRU Epoch 0/50, Loss: 0.35503891110420227
2025-03-19 23:06:22,636 INFO GRU Epoch 10/50, Loss: 0.27760669589042664
2025-03-19 23:06:22,636 INFO GRU Epoch 10/50, Loss: 0.27760669589042664
2025-03-19 23:06:22,651 INFO GRU Epoch 20/50, Loss: 0.20969508588314056
2025-03-19 23:06:22,651 INFO GRU Epoch 20/50, Loss: 0.20969508588314056
2025-03-19 23:06:22,681 INFO GRU Epoch 30/50, Loss: 0.1513303816318512
2025-03-19 23:06:22,681 INFO GRU Epoch 30/50, Loss: 0.1513303816318512
2025-03-19 23:06:22,695 INFO GRU Epoch 40/50, Loss: 0.10580207407474518
2025-03-19 23:06:22,695 INFO GRU Epoch 40/50, Loss: 0.10580207407474518
2025-03-19 23:06:22,709 ERROR Error making GRU predictions: GRU: Expected input to be 2D or 3D, got 4D instead
2025-03-19 23:06:22,709 ERROR Error making GRU predictions: GRU: Expected input to be 2D or 3D, got 4D instead
2025-03-19 23:06:22,711 ERROR Error running GRU forecaster: GRU: Expected input to be 2D or 3D, got 4D instead
2025-03-19 23:06:22,711 ERROR Error running GRU forecaster: GRU: Expected input to be 2D or 3D, got 4D instead
2025-03-19 23:06:22,714 INFO Running ARIMA forecaster...
2025-03-19 23:06:22,714 INFO Running ARIMA forecaster...
2025-03-19 23:06:22,759 INFO ARIMA model trained successfully.
2025-03-19 23:06:22,759 INFO ARIMA model trained successfully.
2025-03-19 23:06:22,764 INFO ARIMA forecasting completed.
2025-03-19 23:06:22,764 INFO ARIMA forecasting completed.
2025-03-19 23:06:22,768 INFO Running HoltWinters forecaster...
2025-03-19 23:06:22,768 INFO Running HoltWinters forecaster...
2025-03-19 23:06:22,822 INFO Holt–Winters model trained successfully.
2025-03-19 23:06:22,822 INFO Holt–Winters model trained successfully.
2025-03-19 23:06:22,826 INFO HoltWinters forecasting completed.
2025-03-19 23:06:22,826 INFO HoltWinters forecasting completed.
2025-03-19 23:06:22,829 INFO Running LinearRegression forecaster...
2025-03-19 23:06:22,829 INFO Running LinearRegression forecaster...
2025-03-19 23:06:22,831 INFO Linear Regression model trained successfully.
2025-03-19 23:06:22,831 INFO Linear Regression model trained successfully.
2025-03-19 23:06:22,835 INFO LinearRegression forecasting completed.
2025-03-19 23:06:22,835 INFO LinearRegression forecasting completed.
2025-03-19 23:08:12,060 INFO Data loaded successfully from Yahoo Finance for ['AAPL'] from 2022-01-01 to 2022-12-31
2025-03-19 23:08:12,062 INFO           Date       Close        High         Low        Open     Volume
0   2022-01-03  178.879944  179.734993  174.653904  174.771835  104487900
1   2022-01-04  176.609650  179.793936  176.039622  179.489269   99310400
2   2022-01-05  171.911865  177.071580  171.636682  176.521213   94537600
3   2022-01-06  169.042084  172.285336  168.688274  169.730043   96904000
4   2022-01-07  169.209167  171.145290  168.088773  169.916787   86709100
..         ...         ...         ...         ...         ...        ...
246 2022-12-23  130.344482  130.898044  128.149997  129.415284   63814900
247 2022-12-27  128.535507  129.899651  127.240566  129.869997   69007800
248 2022-12-28  124.591370  129.524015  124.423325  128.179646   85438400
249 2022-12-29  128.120331  128.980327  126.261941  126.518948   75703700
250 2022-12-30  128.436661  128.456435  125.965402  126.934142   77034200

[251 rows x 6 columns]
2025-03-19 23:08:12,070 INFO Running forecasting models...
2025-03-19 23:08:12,070 INFO Running forecasting models...
2025-03-19 23:08:12,072 INFO Running LSTM forecaster...
2025-03-19 23:08:12,072 INFO Running LSTM forecaster...
2025-03-19 23:08:14,077 INFO LSTM Epoch 0/50, Loss: 0.39120540022850037
2025-03-19 23:08:14,077 INFO LSTM Epoch 0/50, Loss: 0.39120540022850037
2025-03-19 23:08:14,093 INFO LSTM Epoch 10/50, Loss: 0.33671510219573975
2025-03-19 23:08:14,093 INFO LSTM Epoch 10/50, Loss: 0.33671510219573975
2025-03-19 23:08:14,107 INFO LSTM Epoch 20/50, Loss: 0.2844153642654419
2025-03-19 23:08:14,107 INFO LSTM Epoch 20/50, Loss: 0.2844153642654419
2025-03-19 23:08:14,122 INFO LSTM Epoch 30/50, Loss: 0.23220981657505035
2025-03-19 23:08:14,122 INFO LSTM Epoch 30/50, Loss: 0.23220981657505035
2025-03-19 23:08:14,138 INFO LSTM Epoch 40/50, Loss: 0.1808713972568512
2025-03-19 23:08:14,138 INFO LSTM Epoch 40/50, Loss: 0.1808713972568512
2025-03-19 23:08:14,154 INFO LSTM forecasting completed.
2025-03-19 23:08:14,154 INFO LSTM forecasting completed.
2025-03-19 23:08:14,157 INFO Running GRU forecaster...
2025-03-19 23:08:14,157 INFO Running GRU forecaster...
2025-03-19 23:08:14,164 INFO GRU Epoch 0/50, Loss: 0.36698460578918457
2025-03-19 23:08:14,164 INFO GRU Epoch 0/50, Loss: 0.36698460578918457
2025-03-19 23:08:14,181 INFO GRU Epoch 10/50, Loss: 0.28551360964775085
2025-03-19 23:08:14,181 INFO GRU Epoch 10/50, Loss: 0.28551360964775085
2025-03-19 23:08:14,199 INFO GRU Epoch 20/50, Loss: 0.21388599276542664
2025-03-19 23:08:14,199 INFO GRU Epoch 20/50, Loss: 0.21388599276542664
2025-03-19 23:08:14,213 INFO GRU Epoch 30/50, Loss: 0.15307489037513733
2025-03-19 23:08:14,213 INFO GRU Epoch 30/50, Loss: 0.15307489037513733
2025-03-19 23:08:14,228 INFO GRU Epoch 40/50, Loss: 0.1062019020318985
2025-03-19 23:08:14,228 INFO GRU Epoch 40/50, Loss: 0.1062019020318985
2025-03-19 23:08:14,241 ERROR Error making GRU predictions: GRU: Expected input to be 2D or 3D, got 4D instead
2025-03-19 23:08:14,241 ERROR Error making GRU predictions: GRU: Expected input to be 2D or 3D, got 4D instead
2025-03-19 23:08:14,244 ERROR Error running GRU forecaster: GRU: Expected input to be 2D or 3D, got 4D instead
2025-03-19 23:08:14,244 ERROR Error running GRU forecaster: GRU: Expected input to be 2D or 3D, got 4D instead
2025-03-19 23:08:14,246 INFO Running ARIMA forecaster...
2025-03-19 23:08:14,246 INFO Running ARIMA forecaster...
2025-03-19 23:08:14,294 INFO ARIMA model trained successfully.
2025-03-19 23:08:14,294 INFO ARIMA model trained successfully.
2025-03-19 23:08:14,299 INFO ARIMA forecasting completed.
2025-03-19 23:08:14,299 INFO ARIMA forecasting completed.
2025-03-19 23:08:14,301 INFO Running HoltWinters forecaster...
2025-03-19 23:08:14,301 INFO Running HoltWinters forecaster...
2025-03-19 23:08:14,356 INFO Holt–Winters model trained successfully.
2025-03-19 23:08:14,356 INFO Holt–Winters model trained successfully.
2025-03-19 23:08:14,361 INFO HoltWinters forecasting completed.
2025-03-19 23:08:14,361 INFO HoltWinters forecasting completed.
2025-03-19 23:08:14,363 INFO Running LinearRegression forecaster...
2025-03-19 23:08:14,363 INFO Running LinearRegression forecaster...
2025-03-19 23:08:14,366 INFO Linear Regression model trained successfully.
2025-03-19 23:08:14,366 INFO Linear Regression model trained successfully.
2025-03-19 23:08:14,369 INFO LinearRegression forecasting completed.
2025-03-19 23:08:14,369 INFO LinearRegression forecasting completed.
2025-03-19 23:08:38,777 INFO Data loaded successfully from Yahoo Finance for ['AAPL'] from 2022-01-01 to 2022-12-31
2025-03-19 23:08:38,779 INFO           Date       Close        High         Low        Open     Volume
0   2022-01-03  178.879913  179.734962  174.653874  174.771805  104487900
1   2022-01-04  176.609665  179.793951  176.039637  179.489285   99310400
2   2022-01-05  171.911850  177.071564  171.636666  176.521197   94537600
3   2022-01-06  169.042053  172.285305  168.688244  169.730012   96904000
4   2022-01-07  169.209137  171.145259  168.088742  169.916756   86709100
..         ...         ...         ...         ...         ...        ...
246 2022-12-23  130.344467  130.898028  128.149982  129.415269   63814900
247 2022-12-27  128.535507  129.899651  127.240566  129.869997   69007800
248 2022-12-28  124.591385  129.524031  124.423341  128.179661   85438400
249 2022-12-29  128.120346  128.980342  126.261956  126.518963   75703700
250 2022-12-30  128.436646  128.456420  125.965387  126.934126   77034200

[251 rows x 6 columns]
2025-03-19 23:08:38,788 INFO Running forecasting models...
2025-03-19 23:08:38,788 INFO Running forecasting models...
2025-03-19 23:08:38,789 INFO Running LSTM forecaster...
2025-03-19 23:08:38,789 INFO Running LSTM forecaster...
2025-03-19 23:08:40,778 INFO LSTM Epoch 0/50, Loss: 0.34106364846229553
2025-03-19 23:08:40,778 INFO LSTM Epoch 0/50, Loss: 0.34106364846229553
2025-03-19 23:08:40,793 INFO LSTM Epoch 10/50, Loss: 0.29251185059547424
2025-03-19 23:08:40,793 INFO LSTM Epoch 10/50, Loss: 0.29251185059547424
2025-03-19 23:08:40,812 INFO LSTM Epoch 20/50, Loss: 0.24595126509666443
2025-03-19 23:08:40,812 INFO LSTM Epoch 20/50, Loss: 0.24595126509666443
2025-03-19 23:08:40,828 INFO LSTM Epoch 30/50, Loss: 0.19999441504478455
2025-03-19 23:08:40,828 INFO LSTM Epoch 30/50, Loss: 0.19999441504478455
2025-03-19 23:08:40,844 INFO LSTM Epoch 40/50, Loss: 0.15534983575344086
2025-03-19 23:08:40,844 INFO LSTM Epoch 40/50, Loss: 0.15534983575344086
2025-03-19 23:08:40,862 INFO LSTM forecasting completed.
2025-03-19 23:08:40,862 INFO LSTM forecasting completed.
2025-03-19 23:08:40,864 INFO Running GRU forecaster...
2025-03-19 23:08:40,864 INFO Running GRU forecaster...
2025-03-19 23:08:40,871 INFO GRU Epoch 0/50, Loss: 0.47139301896095276
2025-03-19 23:08:40,871 INFO GRU Epoch 0/50, Loss: 0.47139301896095276
2025-03-19 23:08:40,884 INFO GRU Epoch 10/50, Loss: 0.37913256883621216
2025-03-19 23:08:40,884 INFO GRU Epoch 10/50, Loss: 0.37913256883621216
2025-03-19 23:08:40,902 INFO GRU Epoch 20/50, Loss: 0.29572251439094543
2025-03-19 23:08:40,902 INFO GRU Epoch 20/50, Loss: 0.29572251439094543
2025-03-19 23:08:40,916 INFO GRU Epoch 30/50, Loss: 0.2202085703611374
2025-03-19 23:08:40,916 INFO GRU Epoch 30/50, Loss: 0.2202085703611374
2025-03-19 23:08:40,930 INFO GRU Epoch 40/50, Loss: 0.15524530410766602
2025-03-19 23:08:40,930 INFO GRU Epoch 40/50, Loss: 0.15524530410766602
2025-03-19 23:08:40,945 ERROR Error making GRU predictions: GRU: Expected input to be 2D or 3D, got 4D instead
2025-03-19 23:08:40,945 ERROR Error making GRU predictions: GRU: Expected input to be 2D or 3D, got 4D instead
2025-03-19 23:08:40,947 ERROR Error running GRU forecaster: GRU: Expected input to be 2D or 3D, got 4D instead
2025-03-19 23:08:40,947 ERROR Error running GRU forecaster: GRU: Expected input to be 2D or 3D, got 4D instead
2025-03-19 23:08:40,950 INFO Running ARIMA forecaster...
2025-03-19 23:08:40,950 INFO Running ARIMA forecaster...
2025-03-19 23:08:40,994 INFO ARIMA model trained successfully.
2025-03-19 23:08:40,994 INFO ARIMA model trained successfully.
2025-03-19 23:08:40,999 INFO ARIMA forecasting completed.
2025-03-19 23:08:40,999 INFO ARIMA forecasting completed.
2025-03-19 23:08:41,002 INFO Running HoltWinters forecaster...
2025-03-19 23:08:41,002 INFO Running HoltWinters forecaster...
2025-03-19 23:08:41,061 INFO Holt–Winters model trained successfully.
2025-03-19 23:08:41,061 INFO Holt–Winters model trained successfully.
2025-03-19 23:08:41,065 INFO HoltWinters forecasting completed.
2025-03-19 23:08:41,065 INFO HoltWinters forecasting completed.
2025-03-19 23:08:41,067 INFO Running LinearRegression forecaster...
2025-03-19 23:08:41,067 INFO Running LinearRegression forecaster...
2025-03-19 23:08:41,071 INFO Linear Regression model trained successfully.
2025-03-19 23:08:41,071 INFO Linear Regression model trained successfully.
2025-03-19 23:08:41,073 INFO LinearRegression forecasting completed.
2025-03-19 23:08:41,073 INFO LinearRegression forecasting completed.
2025-03-19 23:10:08,719 INFO Data loaded successfully from Yahoo Finance for ['AAPL'] from 2022-01-01 to 2022-12-31
2025-03-19 23:10:08,722 INFO           Date       Close        High         Low        Open     Volume
0   2022-01-03  178.879929  179.734977  174.653889  174.771820  104487900
1   2022-01-04  176.609650  179.793936  176.039622  179.489269   99310400
2   2022-01-05  171.911835  177.071549  171.636651  176.521181   94537600
3   2022-01-06  169.042068  172.285320  168.688259  169.730027   96904000
4   2022-01-07  169.209122  171.145244  168.088727  169.916741   86709100
..         ...         ...         ...         ...         ...        ...
246 2022-12-23  130.344498  130.898059  128.150012  129.415299   63814900
247 2022-12-27  128.535522  129.899667  127.240581  129.870013   69007800
248 2022-12-28  124.591385  129.524031  124.423341  128.179661   85438400
249 2022-12-29  128.120346  128.980342  126.261956  126.518963   75703700
250 2022-12-30  128.436646  128.456420  125.965387  126.934126   77034200

[251 rows x 6 columns]
2025-03-19 23:10:08,730 INFO Running forecasting models...
2025-03-19 23:10:08,730 INFO Running forecasting models...
2025-03-19 23:10:08,732 INFO Running LSTM forecaster...
2025-03-19 23:10:08,732 INFO Running LSTM forecaster...
2025-03-19 23:10:10,726 INFO LSTM Epoch 0/50, Loss: 0.4255448281764984
2025-03-19 23:10:10,726 INFO LSTM Epoch 0/50, Loss: 0.4255448281764984
2025-03-19 23:10:10,741 INFO LSTM Epoch 10/50, Loss: 0.3664698898792267
2025-03-19 23:10:10,741 INFO LSTM Epoch 10/50, Loss: 0.3664698898792267
2025-03-19 23:10:10,756 INFO LSTM Epoch 20/50, Loss: 0.31089654564857483
2025-03-19 23:10:10,756 INFO LSTM Epoch 20/50, Loss: 0.31089654564857483
2025-03-19 23:10:10,771 INFO LSTM Epoch 30/50, Loss: 0.2566497027873993
2025-03-19 23:10:10,771 INFO LSTM Epoch 30/50, Loss: 0.2566497027873993
2025-03-19 23:10:10,788 INFO LSTM Epoch 40/50, Loss: 0.20333510637283325
2025-03-19 23:10:10,788 INFO LSTM Epoch 40/50, Loss: 0.20333510637283325
2025-03-19 23:10:10,804 INFO LSTM forecasting completed.
2025-03-19 23:10:10,804 INFO LSTM forecasting completed.
2025-03-19 23:10:10,807 INFO Running GRU forecaster...
2025-03-19 23:10:10,807 INFO Running GRU forecaster...
2025-03-19 23:10:10,814 INFO GRU Epoch 0/50, Loss: 0.3083985447883606
2025-03-19 23:10:10,814 INFO GRU Epoch 0/50, Loss: 0.3083985447883606
2025-03-19 23:10:10,832 INFO GRU Epoch 10/50, Loss: 0.2426529973745346
2025-03-19 23:10:10,832 INFO GRU Epoch 10/50, Loss: 0.2426529973745346
2025-03-19 23:10:10,848 INFO GRU Epoch 20/50, Loss: 0.18685346841812134
2025-03-19 23:10:10,848 INFO GRU Epoch 20/50, Loss: 0.18685346841812134
2025-03-19 23:10:10,864 INFO GRU Epoch 30/50, Loss: 0.1390397548675537
2025-03-19 23:10:10,864 INFO GRU Epoch 30/50, Loss: 0.1390397548675537
2025-03-19 23:10:10,879 INFO GRU Epoch 40/50, Loss: 0.10079490393400192
2025-03-19 23:10:10,879 INFO GRU Epoch 40/50, Loss: 0.10079490393400192
2025-03-19 23:10:10,895 ERROR Error making GRU predictions: GRU: Expected input to be 2D or 3D, got 4D instead
2025-03-19 23:10:10,895 ERROR Error making GRU predictions: GRU: Expected input to be 2D or 3D, got 4D instead
2025-03-19 23:10:10,899 ERROR Error running GRU forecaster: GRU: Expected input to be 2D or 3D, got 4D instead
2025-03-19 23:10:10,899 ERROR Error running GRU forecaster: GRU: Expected input to be 2D or 3D, got 4D instead
2025-03-19 23:10:10,901 INFO Running ARIMA forecaster...
2025-03-19 23:10:10,901 INFO Running ARIMA forecaster...
2025-03-19 23:10:10,948 INFO ARIMA model trained successfully.
2025-03-19 23:10:10,948 INFO ARIMA model trained successfully.
2025-03-19 23:10:10,953 INFO ARIMA forecasting completed.
2025-03-19 23:10:10,953 INFO ARIMA forecasting completed.
2025-03-19 23:10:10,955 INFO Running HoltWinters forecaster...
2025-03-19 23:10:10,955 INFO Running HoltWinters forecaster...
2025-03-19 23:10:11,014 INFO Holt–Winters model trained successfully.
2025-03-19 23:10:11,014 INFO Holt–Winters model trained successfully.
2025-03-19 23:10:11,018 INFO HoltWinters forecasting completed.
2025-03-19 23:10:11,018 INFO HoltWinters forecasting completed.
2025-03-19 23:10:11,021 INFO Running LinearRegression forecaster...
2025-03-19 23:10:11,021 INFO Running LinearRegression forecaster...
2025-03-19 23:10:11,025 INFO Linear Regression model trained successfully.
2025-03-19 23:10:11,025 INFO Linear Regression model trained successfully.
2025-03-19 23:10:11,027 INFO LinearRegression forecasting completed.
2025-03-19 23:10:11,027 INFO LinearRegression forecasting completed.
2025-03-19 23:13:48,437 INFO Data loaded successfully from Yahoo Finance for ['AAPL'] from 2022-01-01 to 2022-12-31
2025-03-19 23:13:48,438 INFO           Date       Close        High         Low        Open     Volume
0   2022-01-03  178.879898  179.734947  174.653859  174.771790  104487900
1   2022-01-04  176.609650  179.793936  176.039622  179.489269   99310400
2   2022-01-05  171.911850  177.071564  171.636666  176.521197   94537600
3   2022-01-06  169.042068  172.285320  168.688259  169.730027   96904000
4   2022-01-07  169.209152  171.145275  168.088758  169.916771   86709100
..         ...         ...         ...         ...         ...        ...
246 2022-12-23  130.344482  130.898044  128.149997  129.415284   63814900
247 2022-12-27  128.535507  129.899651  127.240566  129.869997   69007800
248 2022-12-28  124.591377  129.524023  124.423333  128.179654   85438400
249 2022-12-29  128.120331  128.980327  126.261941  126.518948   75703700
250 2022-12-30  128.436646  128.456420  125.965387  126.934126   77034200

[251 rows x 6 columns]
2025-03-19 23:13:48,446 INFO Running forecasting models...
2025-03-19 23:13:48,446 INFO Running forecasting models...
2025-03-19 23:13:48,448 INFO Running LSTM forecaster...
2025-03-19 23:13:48,448 INFO Running LSTM forecaster...
2025-03-19 23:13:50,528 INFO LSTM Epoch 0/50, Loss: 0.31203123927116394
2025-03-19 23:13:50,528 INFO LSTM Epoch 0/50, Loss: 0.31203123927116394
2025-03-19 23:13:50,550 INFO LSTM Epoch 10/50, Loss: 0.26437729597091675
2025-03-19 23:13:50,550 INFO LSTM Epoch 10/50, Loss: 0.26437729597091675
2025-03-19 23:13:50,568 INFO LSTM Epoch 20/50, Loss: 0.22212517261505127
2025-03-19 23:13:50,568 INFO LSTM Epoch 20/50, Loss: 0.22212517261505127
2025-03-19 23:13:50,584 INFO LSTM Epoch 30/50, Loss: 0.18286629021167755
2025-03-19 23:13:50,584 INFO LSTM Epoch 30/50, Loss: 0.18286629021167755
2025-03-19 23:13:50,603 INFO LSTM Epoch 40/50, Loss: 0.1458103060722351
2025-03-19 23:13:50,603 INFO LSTM Epoch 40/50, Loss: 0.1458103060722351
2025-03-19 23:13:50,621 INFO LSTM forecasting completed.
2025-03-19 23:13:50,621 INFO LSTM forecasting completed.
2025-03-19 23:13:50,624 INFO Running GRU forecaster...
2025-03-19 23:13:50,624 INFO Running GRU forecaster...
2025-03-19 23:13:50,631 INFO GRU Epoch 0/50, Loss: 0.3850954473018646
2025-03-19 23:13:50,631 INFO GRU Epoch 0/50, Loss: 0.3850954473018646
2025-03-19 23:13:50,648 INFO GRU Epoch 10/50, Loss: 0.2963365614414215
2025-03-19 23:13:50,648 INFO GRU Epoch 10/50, Loss: 0.2963365614414215
2025-03-19 23:13:50,663 INFO GRU Epoch 20/50, Loss: 0.21927936375141144
2025-03-19 23:13:50,663 INFO GRU Epoch 20/50, Loss: 0.21927936375141144
2025-03-19 23:13:50,678 INFO GRU Epoch 30/50, Loss: 0.15449777245521545
2025-03-19 23:13:50,678 INFO GRU Epoch 30/50, Loss: 0.15449777245521545
2025-03-19 23:13:50,691 INFO GRU Epoch 40/50, Loss: 0.10559479892253876
2025-03-19 23:13:50,691 INFO GRU Epoch 40/50, Loss: 0.10559479892253876
2025-03-19 23:13:50,710 INFO GRU forecasting completed.
2025-03-19 23:13:50,710 INFO GRU forecasting completed.
2025-03-19 23:13:50,712 INFO Running ARIMA forecaster...
2025-03-19 23:13:50,712 INFO Running ARIMA forecaster...
2025-03-19 23:13:50,760 INFO ARIMA model trained successfully.
2025-03-19 23:13:50,760 INFO ARIMA model trained successfully.
2025-03-19 23:13:50,766 INFO ARIMA forecasting completed.
2025-03-19 23:13:50,766 INFO ARIMA forecasting completed.
2025-03-19 23:13:50,769 INFO Running HoltWinters forecaster...
2025-03-19 23:13:50,769 INFO Running HoltWinters forecaster...
2025-03-19 23:13:50,828 INFO Holt–Winters model trained successfully.
2025-03-19 23:13:50,828 INFO Holt–Winters model trained successfully.
2025-03-19 23:13:50,832 INFO HoltWinters forecasting completed.
2025-03-19 23:13:50,832 INFO HoltWinters forecasting completed.
2025-03-19 23:13:50,834 INFO Running LinearRegression forecaster...
2025-03-19 23:13:50,834 INFO Running LinearRegression forecaster...
2025-03-19 23:13:50,837 INFO Linear Regression model trained successfully.
2025-03-19 23:13:50,837 INFO Linear Regression model trained successfully.
2025-03-19 23:13:50,840 INFO LinearRegression forecasting completed.
2025-03-19 23:13:50,840 INFO LinearRegression forecasting completed.
2025-03-19 23:14:52,997 INFO Data loaded successfully from Yahoo Finance for ['AAPL'] from 2022-01-01 to 2022-12-31
2025-03-19 23:14:52,999 INFO           Date       Close        High         Low        Open     Volume
0   2022-01-03  178.879898  179.734947  174.653859  174.771790  104487900
1   2022-01-04  176.609634  179.793920  176.039607  179.489254   99310400
2   2022-01-05  171.911850  177.071564  171.636666  176.521197   94537600
3   2022-01-06  169.042068  172.285320  168.688259  169.730027   96904000
4   2022-01-07  169.209137  171.145259  168.088742  169.916756   86709100
..         ...         ...         ...         ...         ...        ...
246 2022-12-23  130.344498  130.898059  128.150012  129.415299   63814900
247 2022-12-27  128.535538  129.899682  127.240596  129.870028   69007800
248 2022-12-28  124.591370  129.524015  124.423325  128.179646   85438400
249 2022-12-29  128.120331  128.980327  126.261941  126.518948   75703700
250 2022-12-30  128.436661  128.456435  125.965402  126.934142   77034200

[251 rows x 6 columns]
2025-03-19 23:14:53,007 INFO Running forecasting models...
2025-03-19 23:14:53,007 INFO Running forecasting models...
2025-03-19 23:14:53,009 INFO Running LSTM forecaster...
2025-03-19 23:14:53,009 INFO Running LSTM forecaster...
2025-03-19 23:14:55,017 INFO LSTM Epoch 0/50, Loss: 0.3045634627342224
2025-03-19 23:14:55,017 INFO LSTM Epoch 0/50, Loss: 0.3045634627342224
2025-03-19 23:14:55,033 INFO LSTM Epoch 10/50, Loss: 0.2568065822124481
2025-03-19 23:14:55,033 INFO LSTM Epoch 10/50, Loss: 0.2568065822124481
2025-03-19 23:14:55,049 INFO LSTM Epoch 20/50, Loss: 0.21397565305233002
2025-03-19 23:14:55,049 INFO LSTM Epoch 20/50, Loss: 0.21397565305233002
2025-03-19 23:14:55,064 INFO LSTM Epoch 30/50, Loss: 0.17457512021064758
2025-03-19 23:14:55,064 INFO LSTM Epoch 30/50, Loss: 0.17457512021064758
2025-03-19 23:14:55,081 INFO LSTM Epoch 40/50, Loss: 0.13840831816196442
2025-03-19 23:14:55,081 INFO LSTM Epoch 40/50, Loss: 0.13840831816196442
2025-03-19 23:14:55,099 INFO LSTM forecasting completed.
2025-03-19 23:14:55,099 INFO LSTM forecasting completed.
2025-03-19 23:14:55,101 INFO Running GRU forecaster...
2025-03-19 23:14:55,101 INFO Running GRU forecaster...
2025-03-19 23:14:55,108 INFO GRU Epoch 0/50, Loss: 0.3129750192165375
2025-03-19 23:14:55,108 INFO GRU Epoch 0/50, Loss: 0.3129750192165375
2025-03-19 23:14:55,122 INFO GRU Epoch 10/50, Loss: 0.2421364039182663
2025-03-19 23:14:55,122 INFO GRU Epoch 10/50, Loss: 0.2421364039182663
2025-03-19 23:14:55,138 INFO GRU Epoch 20/50, Loss: 0.18249018490314484
2025-03-19 23:14:55,138 INFO GRU Epoch 20/50, Loss: 0.18249018490314484
2025-03-19 23:14:55,154 INFO GRU Epoch 30/50, Loss: 0.13303783535957336
2025-03-19 23:14:55,154 INFO GRU Epoch 30/50, Loss: 0.13303783535957336
2025-03-19 23:14:55,167 INFO GRU Epoch 40/50, Loss: 0.09553634375333786
2025-03-19 23:14:55,167 INFO GRU Epoch 40/50, Loss: 0.09553634375333786
2025-03-19 23:14:55,184 INFO GRU forecasting completed.
2025-03-19 23:14:55,184 INFO GRU forecasting completed.
2025-03-19 23:14:55,188 INFO Running ARIMA forecaster...
2025-03-19 23:14:55,188 INFO Running ARIMA forecaster...
2025-03-19 23:14:55,235 INFO ARIMA model trained successfully.
2025-03-19 23:14:55,235 INFO ARIMA model trained successfully.
2025-03-19 23:14:55,240 INFO ARIMA forecasting completed.
2025-03-19 23:14:55,240 INFO ARIMA forecasting completed.
2025-03-19 23:14:55,242 INFO Running HoltWinters forecaster...
2025-03-19 23:14:55,242 INFO Running HoltWinters forecaster...
2025-03-19 23:14:55,299 INFO Holt–Winters model trained successfully.
2025-03-19 23:14:55,299 INFO Holt–Winters model trained successfully.
2025-03-19 23:14:55,303 INFO HoltWinters forecasting completed.
2025-03-19 23:14:55,303 INFO HoltWinters forecasting completed.
2025-03-19 23:14:55,306 INFO Running LinearRegression forecaster...
2025-03-19 23:14:55,306 INFO Running LinearRegression forecaster...
2025-03-19 23:14:55,309 INFO Linear Regression model trained successfully.
2025-03-19 23:14:55,309 INFO Linear Regression model trained successfully.
2025-03-19 23:14:55,311 INFO LinearRegression forecasting completed.
2025-03-19 23:14:55,311 INFO LinearRegression forecasting completed.
2025-03-19 23:16:57,795 INFO Data loaded successfully from Yahoo Finance for ['AAPL'] from 2022-01-01 to 2022-12-31
2025-03-19 23:16:57,796 INFO           Date       Close        High         Low        Open     Volume
0   2022-01-03  178.879898  179.734947  174.653859  174.771790  104487900
1   2022-01-04  176.609619  179.793905  176.039592  179.489238   99310400
2   2022-01-05  171.911865  177.071580  171.636682  176.521213   94537600
3   2022-01-06  169.042084  172.285336  168.688274  169.730043   96904000
4   2022-01-07  169.209183  171.145306  168.088788  169.916802   86709100
..         ...         ...         ...         ...         ...        ...
246 2022-12-23  130.344482  130.898044  128.149997  129.415284   63814900
247 2022-12-27  128.535522  129.899667  127.240581  129.870013   69007800
248 2022-12-28  124.591377  129.524023  124.423333  128.179654   85438400
249 2022-12-29  128.120361  128.980357  126.261971  126.518978   75703700
250 2022-12-30  128.436676  128.456450  125.965417  126.934157   77034200

[251 rows x 6 columns]
2025-03-19 23:16:57,805 INFO Running forecasting models...
2025-03-19 23:16:57,805 INFO Running forecasting models...
2025-03-19 23:16:57,807 INFO Running LSTM forecaster...
2025-03-19 23:16:57,807 INFO Running LSTM forecaster...
2025-03-19 23:16:59,788 INFO LSTM Epoch 0/50, Loss: 0.35035157203674316
2025-03-19 23:16:59,788 INFO LSTM Epoch 0/50, Loss: 0.35035157203674316
2025-03-19 23:16:59,803 INFO LSTM Epoch 10/50, Loss: 0.29324454069137573
2025-03-19 23:16:59,803 INFO LSTM Epoch 10/50, Loss: 0.29324454069137573
2025-03-19 23:16:59,820 INFO LSTM Epoch 20/50, Loss: 0.2404434084892273
2025-03-19 23:16:59,820 INFO LSTM Epoch 20/50, Loss: 0.2404434084892273
2025-03-19 23:16:59,835 INFO LSTM Epoch 30/50, Loss: 0.19138376414775848
2025-03-19 23:16:59,835 INFO LSTM Epoch 30/50, Loss: 0.19138376414775848
2025-03-19 23:16:59,850 INFO LSTM Epoch 40/50, Loss: 0.14696282148361206
2025-03-19 23:16:59,850 INFO LSTM Epoch 40/50, Loss: 0.14696282148361206
2025-03-19 23:16:59,867 INFO LSTM forecasting completed.
2025-03-19 23:16:59,867 INFO LSTM forecasting completed.
2025-03-19 23:16:59,869 INFO Running GRU forecaster...
2025-03-19 23:16:59,869 INFO Running GRU forecaster...
2025-03-19 23:16:59,877 INFO GRU Epoch 0/50, Loss: 0.37133103609085083
2025-03-19 23:16:59,877 INFO GRU Epoch 0/50, Loss: 0.37133103609085083
2025-03-19 23:16:59,892 INFO GRU Epoch 10/50, Loss: 0.2951360046863556
2025-03-19 23:16:59,892 INFO GRU Epoch 10/50, Loss: 0.2951360046863556
2025-03-19 23:16:59,908 INFO GRU Epoch 20/50, Loss: 0.22603823244571686
2025-03-19 23:16:59,908 INFO GRU Epoch 20/50, Loss: 0.22603823244571686
2025-03-19 23:16:59,928 INFO GRU Epoch 30/50, Loss: 0.1643289178609848
2025-03-19 23:16:59,928 INFO GRU Epoch 30/50, Loss: 0.1643289178609848
2025-03-19 23:16:59,948 INFO GRU Epoch 40/50, Loss: 0.11377033591270447
2025-03-19 23:16:59,948 INFO GRU Epoch 40/50, Loss: 0.11377033591270447
2025-03-19 23:16:59,963 INFO GRU forecasting completed.
2025-03-19 23:16:59,963 INFO GRU forecasting completed.
2025-03-19 23:16:59,965 INFO Running ARIMA forecaster...
2025-03-19 23:16:59,965 INFO Running ARIMA forecaster...
2025-03-19 23:17:00,012 INFO ARIMA model trained successfully.
2025-03-19 23:17:00,012 INFO ARIMA model trained successfully.
2025-03-19 23:17:00,019 INFO ARIMA forecasting completed.
2025-03-19 23:17:00,019 INFO ARIMA forecasting completed.
2025-03-19 23:17:00,021 INFO Running HoltWinters forecaster...
2025-03-19 23:17:00,021 INFO Running HoltWinters forecaster...
2025-03-19 23:17:00,078 INFO Holt–Winters model trained successfully.
2025-03-19 23:17:00,078 INFO Holt–Winters model trained successfully.
2025-03-19 23:17:00,083 INFO HoltWinters forecasting completed.
2025-03-19 23:17:00,083 INFO HoltWinters forecasting completed.
2025-03-19 23:17:00,085 INFO Running LinearRegression forecaster...
2025-03-19 23:17:00,085 INFO Running LinearRegression forecaster...
2025-03-19 23:17:00,088 INFO Linear Regression model trained successfully.
2025-03-19 23:17:00,088 INFO Linear Regression model trained successfully.
2025-03-19 23:17:00,091 INFO LinearRegression forecasting completed.
2025-03-19 23:17:00,091 INFO LinearRegression forecasting completed.
2025-03-19 23:17:00,093 INFO Running forecasting models...
2025-03-19 23:17:00,093 INFO Running forecasting models...
2025-03-19 23:17:00,095 INFO Running LSTM forecaster...
2025-03-19 23:17:00,095 INFO Running LSTM forecaster...
2025-03-19 23:17:00,103 INFO LSTM Epoch 0/50, Loss: 0.4221123158931732
2025-03-19 23:17:00,103 INFO LSTM Epoch 0/50, Loss: 0.4221123158931732
2025-03-19 23:17:00,122 INFO LSTM Epoch 10/50, Loss: 0.3610660135746002
2025-03-19 23:17:00,122 INFO LSTM Epoch 10/50, Loss: 0.3610660135746002
2025-03-19 23:17:00,161 INFO LSTM Epoch 20/50, Loss: 0.302187979221344
2025-03-19 23:17:00,161 INFO LSTM Epoch 20/50, Loss: 0.302187979221344
2025-03-19 23:17:00,191 INFO LSTM Epoch 30/50, Loss: 0.24445898830890656
2025-03-19 23:17:00,191 INFO LSTM Epoch 30/50, Loss: 0.24445898830890656
2025-03-19 23:17:00,209 INFO LSTM Epoch 40/50, Loss: 0.188820019364357
2025-03-19 23:17:00,209 INFO LSTM Epoch 40/50, Loss: 0.188820019364357
2025-03-19 23:17:00,226 INFO LSTM forecasting completed.
2025-03-19 23:17:00,226 INFO LSTM forecasting completed.
2025-03-19 23:17:00,228 INFO Running GRU forecaster...
2025-03-19 23:17:00,228 INFO Running GRU forecaster...
2025-03-19 23:17:00,234 INFO GRU Epoch 0/50, Loss: 0.4835240840911865
2025-03-19 23:17:00,234 INFO GRU Epoch 0/50, Loss: 0.4835240840911865
2025-03-19 23:17:00,250 INFO GRU Epoch 10/50, Loss: 0.3918628990650177
2025-03-19 23:17:00,250 INFO GRU Epoch 10/50, Loss: 0.3918628990650177
2025-03-19 23:17:00,265 INFO GRU Epoch 20/50, Loss: 0.3096436560153961
2025-03-19 23:17:00,265 INFO GRU Epoch 20/50, Loss: 0.3096436560153961
2025-03-19 23:17:00,279 INFO GRU Epoch 30/50, Loss: 0.23493681848049164
2025-03-19 23:17:00,279 INFO GRU Epoch 30/50, Loss: 0.23493681848049164
2025-03-19 23:17:00,292 INFO GRU Epoch 40/50, Loss: 0.16900205612182617
2025-03-19 23:17:00,292 INFO GRU Epoch 40/50, Loss: 0.16900205612182617
2025-03-19 23:17:00,306 INFO GRU forecasting completed.
2025-03-19 23:17:00,306 INFO GRU forecasting completed.
2025-03-19 23:17:00,308 INFO Running ARIMA forecaster...
2025-03-19 23:17:00,308 INFO Running ARIMA forecaster...
2025-03-19 23:17:00,353 INFO ARIMA model trained successfully.
2025-03-19 23:17:00,353 INFO ARIMA model trained successfully.
2025-03-19 23:17:00,358 INFO ARIMA forecasting completed.
2025-03-19 23:17:00,358 INFO ARIMA forecasting completed.
2025-03-19 23:17:00,361 INFO Running HoltWinters forecaster...
2025-03-19 23:17:00,361 INFO Running HoltWinters forecaster...
2025-03-19 23:17:00,420 INFO Holt–Winters model trained successfully.
2025-03-19 23:17:00,420 INFO Holt–Winters model trained successfully.
2025-03-19 23:17:00,424 INFO HoltWinters forecasting completed.
2025-03-19 23:17:00,424 INFO HoltWinters forecasting completed.
2025-03-19 23:17:00,427 INFO Running LinearRegression forecaster...
2025-03-19 23:17:00,427 INFO Running LinearRegression forecaster...
2025-03-19 23:17:00,430 INFO Linear Regression model trained successfully.
2025-03-19 23:17:00,430 INFO Linear Regression model trained successfully.
2025-03-19 23:17:00,433 INFO LinearRegression forecasting completed.
2025-03-19 23:17:00,433 INFO LinearRegression forecasting completed.
2025-03-19 23:17:01,130 ERROR Error plotting forecasts for AAPL: -1
2025-03-19 23:18:46,238 INFO Data loaded successfully from Yahoo Finance for ['AAPL'] from 2022-01-01 to 2022-12-31
2025-03-19 23:18:46,240 INFO           Date       Close        High         Low        Open     Volume
0   2022-01-03  178.879898  179.734947  174.653859  174.771790  104487900
1   2022-01-04  176.609665  179.793951  176.039637  179.489285   99310400
2   2022-01-05  171.911835  177.071549  171.636651  176.521181   94537600
3   2022-01-06  169.042053  172.285305  168.688244  169.730012   96904000
4   2022-01-07  169.209122  171.145244  168.088727  169.916741   86709100
..         ...         ...         ...         ...         ...        ...
246 2022-12-23  130.344498  130.898059  128.150012  129.415299   63814900
247 2022-12-27  128.535538  129.899682  127.240596  129.870028   69007800
248 2022-12-28  124.591377  129.524023  124.423333  128.179654   85438400
249 2022-12-29  128.120346  128.980342  126.261956  126.518963   75703700
250 2022-12-30  128.436646  128.456420  125.965387  126.934126   77034200

[251 rows x 6 columns]
2025-03-19 23:18:46,249 INFO Running forecasting models...
2025-03-19 23:18:46,249 INFO Running forecasting models...
2025-03-19 23:18:46,252 INFO Running LSTM forecaster...
2025-03-19 23:18:46,252 INFO Running LSTM forecaster...
2025-03-19 23:18:48,467 INFO LSTM Epoch 0/50, Loss: 0.5531592965126038
2025-03-19 23:18:48,467 INFO LSTM Epoch 0/50, Loss: 0.5531592965126038
2025-03-19 23:18:48,488 INFO LSTM Epoch 10/50, Loss: 0.48775985836982727
2025-03-19 23:18:48,488 INFO LSTM Epoch 10/50, Loss: 0.48775985836982727
2025-03-19 23:18:48,507 INFO LSTM Epoch 20/50, Loss: 0.4227049946784973
2025-03-19 23:18:48,507 INFO LSTM Epoch 20/50, Loss: 0.4227049946784973
2025-03-19 23:18:48,526 INFO LSTM Epoch 30/50, Loss: 0.3554530441761017
2025-03-19 23:18:48,526 INFO LSTM Epoch 30/50, Loss: 0.3554530441761017
2025-03-19 23:18:48,548 INFO LSTM Epoch 40/50, Loss: 0.28576168417930603
2025-03-19 23:18:48,548 INFO LSTM Epoch 40/50, Loss: 0.28576168417930603
2025-03-19 23:18:48,573 INFO LSTM forecasting completed.
2025-03-19 23:18:48,573 INFO LSTM forecasting completed.
2025-03-19 23:18:48,578 INFO Running GRU forecaster...
2025-03-19 23:18:48,578 INFO Running GRU forecaster...
2025-03-19 23:18:48,587 INFO GRU Epoch 0/50, Loss: 0.5481647253036499
2025-03-19 23:18:48,587 INFO GRU Epoch 0/50, Loss: 0.5481647253036499
2025-03-19 23:18:48,604 INFO GRU Epoch 10/50, Loss: 0.4432738423347473
2025-03-19 23:18:48,604 INFO GRU Epoch 10/50, Loss: 0.4432738423347473
2025-03-19 23:18:48,623 INFO GRU Epoch 20/50, Loss: 0.35510319471359253
2025-03-19 23:18:48,623 INFO GRU Epoch 20/50, Loss: 0.35510319471359253
2025-03-19 23:18:48,636 INFO GRU Epoch 30/50, Loss: 0.27930840849876404
2025-03-19 23:18:48,636 INFO GRU Epoch 30/50, Loss: 0.27930840849876404
2025-03-19 23:18:48,655 INFO GRU Epoch 40/50, Loss: 0.21326161921024323
2025-03-19 23:18:48,655 INFO GRU Epoch 40/50, Loss: 0.21326161921024323
2025-03-19 23:18:48,669 INFO GRU forecasting completed.
2025-03-19 23:18:48,669 INFO GRU forecasting completed.
2025-03-19 23:18:48,672 INFO Running ARIMA forecaster...
2025-03-19 23:18:48,672 INFO Running ARIMA forecaster...
2025-03-19 23:18:48,720 INFO ARIMA model trained successfully.
2025-03-19 23:18:48,720 INFO ARIMA model trained successfully.
2025-03-19 23:18:48,726 INFO ARIMA forecasting completed.
2025-03-19 23:18:48,726 INFO ARIMA forecasting completed.
2025-03-19 23:18:48,728 INFO Running HoltWinters forecaster...
2025-03-19 23:18:48,728 INFO Running HoltWinters forecaster...
2025-03-19 23:18:48,786 INFO Holt–Winters model trained successfully.
2025-03-19 23:18:48,786 INFO Holt–Winters model trained successfully.
2025-03-19 23:18:48,790 INFO HoltWinters forecasting completed.
2025-03-19 23:18:48,790 INFO HoltWinters forecasting completed.
2025-03-19 23:18:48,793 INFO Running LinearRegression forecaster...
2025-03-19 23:18:48,793 INFO Running LinearRegression forecaster...
2025-03-19 23:18:48,796 INFO Linear Regression model trained successfully.
2025-03-19 23:18:48,796 INFO Linear Regression model trained successfully.
2025-03-19 23:18:48,799 INFO LinearRegression forecasting completed.
2025-03-19 23:18:48,799 INFO LinearRegression forecasting completed.
2025-03-19 23:18:48,801 INFO Running forecasting models...
2025-03-19 23:18:48,801 INFO Running forecasting models...
2025-03-19 23:18:48,803 INFO Running LSTM forecaster...
2025-03-19 23:18:48,803 INFO Running LSTM forecaster...
2025-03-19 23:18:48,812 INFO LSTM Epoch 0/50, Loss: 0.2904214859008789
2025-03-19 23:18:48,812 INFO LSTM Epoch 0/50, Loss: 0.2904214859008789
2025-03-19 23:18:48,832 INFO LSTM Epoch 10/50, Loss: 0.2447800487279892
2025-03-19 23:18:48,832 INFO LSTM Epoch 10/50, Loss: 0.2447800487279892
2025-03-19 23:18:48,851 INFO LSTM Epoch 20/50, Loss: 0.20423732697963715
2025-03-19 23:18:48,851 INFO LSTM Epoch 20/50, Loss: 0.20423732697963715
2025-03-19 23:18:48,868 INFO LSTM Epoch 30/50, Loss: 0.16653569042682648
2025-03-19 23:18:48,868 INFO LSTM Epoch 30/50, Loss: 0.16653569042682648
2025-03-19 23:18:48,888 INFO LSTM Epoch 40/50, Loss: 0.13150916993618011
2025-03-19 23:18:48,888 INFO LSTM Epoch 40/50, Loss: 0.13150916993618011
2025-03-19 23:18:48,906 INFO LSTM forecasting completed.
2025-03-19 23:18:48,906 INFO LSTM forecasting completed.
2025-03-19 23:18:48,909 INFO Running GRU forecaster...
2025-03-19 23:18:48,909 INFO Running GRU forecaster...
2025-03-19 23:18:48,915 INFO GRU Epoch 0/50, Loss: 0.3811551332473755
2025-03-19 23:18:48,915 INFO GRU Epoch 0/50, Loss: 0.3811551332473755
2025-03-19 23:18:48,929 INFO GRU Epoch 10/50, Loss: 0.3029133677482605
2025-03-19 23:18:48,929 INFO GRU Epoch 10/50, Loss: 0.3029133677482605
2025-03-19 23:18:48,944 INFO GRU Epoch 20/50, Loss: 0.23339809477329254
2025-03-19 23:18:48,944 INFO GRU Epoch 20/50, Loss: 0.23339809477329254
2025-03-19 23:18:48,958 INFO GRU Epoch 30/50, Loss: 0.1716635525226593
2025-03-19 23:18:48,958 INFO GRU Epoch 30/50, Loss: 0.1716635525226593
2025-03-19 23:18:48,974 INFO GRU Epoch 40/50, Loss: 0.12059302628040314
2025-03-19 23:18:48,974 INFO GRU Epoch 40/50, Loss: 0.12059302628040314
2025-03-19 23:18:48,989 INFO GRU forecasting completed.
2025-03-19 23:18:48,989 INFO GRU forecasting completed.
2025-03-19 23:18:48,991 INFO Running ARIMA forecaster...
2025-03-19 23:18:48,991 INFO Running ARIMA forecaster...
2025-03-19 23:18:49,032 INFO ARIMA model trained successfully.
2025-03-19 23:18:49,032 INFO ARIMA model trained successfully.
2025-03-19 23:18:49,039 INFO ARIMA forecasting completed.
2025-03-19 23:18:49,039 INFO ARIMA forecasting completed.
2025-03-19 23:18:49,040 INFO Running HoltWinters forecaster...
2025-03-19 23:18:49,040 INFO Running HoltWinters forecaster...
2025-03-19 23:18:49,102 INFO Holt–Winters model trained successfully.
2025-03-19 23:18:49,102 INFO Holt–Winters model trained successfully.
2025-03-19 23:18:49,106 INFO HoltWinters forecasting completed.
2025-03-19 23:18:49,106 INFO HoltWinters forecasting completed.
2025-03-19 23:18:49,108 INFO Running LinearRegression forecaster...
2025-03-19 23:18:49,108 INFO Running LinearRegression forecaster...
2025-03-19 23:18:49,111 INFO Linear Regression model trained successfully.
2025-03-19 23:18:49,111 INFO Linear Regression model trained successfully.
2025-03-19 23:18:49,114 INFO LinearRegression forecasting completed.
2025-03-19 23:18:49,114 INFO LinearRegression forecasting completed.
2025-03-19 23:18:49,822 ERROR Error plotting forecasts for AAPL: -1
2025-03-19 23:19:14,518 INFO Fetching and validating data...
2025-03-19 23:19:14,518 INFO Fetching and validating data...
2025-03-19 23:19:14,847 INFO Data loaded successfully from Yahoo Finance for ['AAPL'] from 2022-01-01 to 2022-12-31
2025-03-19 23:19:14,848 INFO           Date       Close        High         Low        Open     Volume
0   2022-01-03  178.879944  179.734993  174.653904  174.771835  104487900
1   2022-01-04  176.609634  179.793920  176.039607  179.489254   99310400
2   2022-01-05  171.911835  177.071549  171.636651  176.521181   94537600
3   2022-01-06  169.042053  172.285305  168.688244  169.730012   96904000
4   2022-01-07  169.209167  171.145290  168.088773  169.916787   86709100
..         ...         ...         ...         ...         ...        ...
246 2022-12-23  130.344482  130.898044  128.149997  129.415284   63814900
247 2022-12-27  128.535538  129.899682  127.240596  129.870028   69007800
248 2022-12-28  124.591377  129.524023  124.423333  128.179654   85438400
249 2022-12-29  128.120346  128.980342  126.261956  126.518963   75703700
250 2022-12-30  128.436661  128.456435  125.965402  126.934142   77034200

[251 rows x 6 columns]
2025-03-19 23:19:14,857 INFO No missing values found.
2025-03-19 23:19:14,858 INFO No duplicate rows found.
2025-03-19 23:19:14,860 INFO Data types:
Date      datetime64[ns]
Close            float64
High             float64
Low              float64
Open             float64
Volume             int64
dtype: object
2025-03-19 23:19:14,873 INFO Data statistical summary:
                                Date       Close        High         Low        Open        Volume
count                            251  251.000000  251.000000  251.000000  251.000000  2.510000e+02
mean   2022-07-02 15:23:39.920318720  152.607556  154.650547  150.494617  152.575787  8.791038e+07
min              2022-01-03 00:00:00  124.591377  128.456435  124.423333  126.518963  3.519590e+07
25%              2022-04-02 12:00:00  142.799400  144.964505  140.376131  142.454359  7.229740e+07
50%              2022-07-05 00:00:00  151.855789  153.570582  149.736973  151.776989  8.373720e+07
75%              2022-10-01 12:00:00  163.372047  165.754608  161.384480  163.704375  9.693705e+07
max              2022-12-30 00:00:00  178.879944  179.793920  176.039607  179.489254  1.826020e+08
std                              NaN   12.697923   12.575341   12.753980   12.705787  2.365699e+07
2025-03-19 23:19:14,878 WARNING Outliers found:
Date       0
Close      0
High       0
Low        0
Open       0
Volume    14
dtype: int64
2025-03-19 23:19:14,881 INFO Calculating technical indicators...
2025-03-19 23:19:14,881 INFO Calculating technical indicators...
2025-03-19 23:19:14,884 INFO Relative Strength Index (window=14) calculated successfully as RSI.
2025-03-19 23:19:14,887 INFO MACD (slow=26, fast=12, sign=9) calculated successfully.
2025-03-19 23:19:14,891 INFO Average True Range (window=14) calculated successfully.
2025-03-19 23:19:14,893 INFO Bollinger Bands (window=20, std_dev=2) calculated successfully.
2025-03-19 23:19:14,895 INFO Moving Average (window=20) calculated successfully.
2025-03-19 23:19:14,897 INFO Exponential Moving Average (window=20) calculated successfully.
2025-03-19 23:19:14,898 INFO Generating trading signals...
2025-03-19 23:19:14,898 INFO Generating trading signals...
2025-03-19 23:19:14,900 INFO Rule-based signals generated successfully.
2025-03-19 23:19:14,902 INFO Applying feature engineering...
2025-03-19 23:19:14,902 INFO Applying feature engineering...
2025-03-19 23:19:14,905 INFO Higher Highs and Lower Lows identified successfully.
2025-03-19 23:19:14,907 INFO Double Top pattern identified successfully.
2025-03-19 23:19:14,908 INFO Head and Shoulders pattern identified successfully.
2025-03-19 23:19:14,910 INFO Triple Bottom pattern identified successfully.
2025-03-19 23:19:14,913 INFO Cup and Handle pattern identified successfully.
2025-03-19 23:19:14,916 INFO Bullish Engulfing pattern identified successfully.
2025-03-19 23:19:14,918 INFO Bearish Engulfing pattern identified successfully.
2025-03-19 23:19:14,919 INFO Morning Star pattern identified successfully.
2025-03-19 23:19:14,921 INFO Evening Star pattern identified successfully.
2025-03-19 23:19:14,923 INFO Hammer pattern identified successfully.
2025-03-19 23:19:14,924 INFO Shooting Star pattern identified successfully.
2025-03-19 23:19:14,927 INFO RSI Divergence identified successfully.
2025-03-19 23:19:14,929 INFO Bollinger Band Squeeze identified successfully.
2025-03-19 23:19:14,931 INFO Moving Average Crossover identified successfully.
2025-03-19 23:19:14,937 INFO ADX Trend Strength identified successfully.
2025-03-19 23:19:14,939 INFO Stochastic Oscillator identified successfully.
2025-03-19 23:19:14,942 INFO Pennant pattern identified successfully.
2025-03-19 23:19:14,944 INFO Flag pattern identified successfully.
2025-03-19 23:19:14,947 INFO Wedge pattern identified successfully.
2025-03-19 23:19:14,949 INFO Triangle pattern identified successfully.
2025-03-19 23:19:14,951 INFO Patterns added successfully.
2025-03-19 23:19:14,952 INFO Moving Average (window=20) calculated successfully.
2025-03-19 23:19:14,954 INFO Exponential Moving Average (window=20) calculated successfully.
2025-03-19 23:19:14,956 INFO Relative Strength Index (window=14) calculated successfully as RSI.
2025-03-19 23:19:14,958 INFO Bollinger Bands (window=20, std_dev=2) calculated successfully.
2025-03-19 23:19:14,959 INFO MACD (slow=26, fast=12, sign=9) calculated successfully.
2025-03-19 23:19:14,962 INFO Average True Range (window=14) calculated successfully.
2025-03-19 23:19:14,965 INFO Stochastic Oscillator (window=14, smooth_window=3) calculated successfully.
2025-03-19 23:19:14,969 INFO Commodity Channel Index (window=20) calculated successfully.
2025-03-19 23:19:14,973 INFO Ichimoku Cloud (window1=9, window2=26, window3=52) calculated successfully.
2025-03-19 23:19:14,976 INFO Aroon Indicator (window=25) calculated successfully.
2025-03-19 23:19:15,001 INFO Parabolic SAR (acceleration=0.02, maximum=0.2) calculated successfully.
2025-03-19 23:19:15,003 INFO Volume Weighted Average Price (window=14) calculated successfully.
2025-03-19 23:19:15,005 INFO On-Balance Volume calculated successfully.
2025-03-19 23:19:15,009 INFO Money Flow Index (window=14) calculated successfully.
2025-03-19 23:19:15,016 INFO Chaikin Money Flow (window=20) calculated successfully.
2025-03-19 23:19:15,018 INFO Ease of Movement (window=14) calculated successfully.
2025-03-19 23:19:15,019 INFO Accumulation/Distribution Index calculated successfully.
2025-03-19 23:19:15,025 INFO Ultimate Oscillator (short_window=7, long_window=14) calculated successfully.
2025-03-19 23:19:15,026 INFO Indicators added successfully.
2025-03-19 23:19:15,029 INFO Missing values handled successfully.
2025-03-19 23:19:15,043 INFO Lagged features created successfully.
2025-03-19 23:19:15,051 INFO Data normalised successfully.
2025-03-19 23:19:15,054 INFO Feature engineering completed successfully.
2025-03-19 23:19:15,055 INFO Training trading model...
2025-03-19 23:19:15,055 INFO Training trading model...
2025-03-19 23:19:15,149 INFO Model trained successfully with accuracy: 1.00
2025-03-19 23:19:15,162 INFO Model signals applied successfully.
2025-03-19 23:19:15,166 INFO Consensus signal generated successfully.
2025-03-19 23:19:15,167 INFO Backtesting trading strategy...
2025-03-19 23:19:15,167 INFO Backtesting trading strategy...
2025-03-19 23:19:15,184 INFO Backtesting completed successfully.
2025-03-19 23:19:15,186 INFO Rule-Based Signal Accuracy: 1.00
2025-03-19 23:19:15,188 INFO Model-Based Signal Accuracy: 1.00
2025-03-19 23:19:15,189 INFO Rule-based accuracy: 1.00, Model accuracy: 1.00
2025-03-19 23:19:15,189 INFO Rule-based accuracy: 1.00, Model accuracy: 1.00
2025-03-19 23:19:15,193 INFO Training forecasting models...
2025-03-19 23:19:15,193 INFO Training forecasting models...
2025-03-19 23:19:15,196 INFO Training LSTM model...
2025-03-19 23:19:15,196 INFO Training LSTM model...
2025-03-19 23:19:16,574 INFO LSTM Epoch 0/50, Loss: 0.3459129333496094
2025-03-19 23:19:16,574 INFO LSTM Epoch 0/50, Loss: 0.3459129333496094
2025-03-19 23:19:16,595 INFO LSTM Epoch 10/50, Loss: 0.29515019059181213
2025-03-19 23:19:16,595 INFO LSTM Epoch 10/50, Loss: 0.29515019059181213
2025-03-19 23:19:16,617 INFO LSTM Epoch 20/50, Loss: 0.248305082321167
2025-03-19 23:19:16,617 INFO LSTM Epoch 20/50, Loss: 0.248305082321167
2025-03-19 23:19:16,634 INFO LSTM Epoch 30/50, Loss: 0.20391970872879028
2025-03-19 23:19:16,634 INFO LSTM Epoch 30/50, Loss: 0.20391970872879028
2025-03-19 23:19:16,650 INFO LSTM Epoch 40/50, Loss: 0.16195349395275116
2025-03-19 23:19:16,650 INFO LSTM Epoch 40/50, Loss: 0.16195349395275116
2025-03-19 23:19:16,668 INFO LSTM training completed.
2025-03-19 23:19:16,668 INFO LSTM training completed.
2025-03-19 23:19:16,671 INFO Training GRU model...
2025-03-19 23:19:16,671 INFO Training GRU model...
2025-03-19 23:19:16,681 INFO GRU Epoch 0/50, Loss: 0.48408451676368713
2025-03-19 23:19:16,681 INFO GRU Epoch 0/50, Loss: 0.48408451676368713
2025-03-19 23:19:16,700 INFO GRU Epoch 10/50, Loss: 0.392721563577652
2025-03-19 23:19:16,700 INFO GRU Epoch 10/50, Loss: 0.392721563577652
2025-03-19 23:19:16,722 INFO GRU Epoch 20/50, Loss: 0.31124207377433777
2025-03-19 23:19:16,722 INFO GRU Epoch 20/50, Loss: 0.31124207377433777
2025-03-19 23:19:16,741 INFO GRU Epoch 30/50, Loss: 0.2378477305173874
2025-03-19 23:19:16,741 INFO GRU Epoch 30/50, Loss: 0.2378477305173874
2025-03-19 23:19:16,760 INFO GRU Epoch 40/50, Loss: 0.1734423190355301
2025-03-19 23:19:16,760 INFO GRU Epoch 40/50, Loss: 0.1734423190355301
2025-03-19 23:19:16,774 INFO GRU training completed.
2025-03-19 23:19:16,774 INFO GRU training completed.
2025-03-19 23:19:16,777 INFO Training ARIMA model...
2025-03-19 23:19:16,777 INFO Training ARIMA model...
2025-03-19 23:19:16,849 INFO ARIMA model trained successfully.
2025-03-19 23:19:16,849 INFO ARIMA model trained successfully.
2025-03-19 23:19:16,851 INFO ARIMA training completed.
2025-03-19 23:19:16,851 INFO ARIMA training completed.
2025-03-19 23:19:16,853 INFO Training HoltWinters model...
2025-03-19 23:19:16,853 INFO Training HoltWinters model...
2025-03-19 23:19:16,939 INFO Holt–Winters model trained successfully.
2025-03-19 23:19:16,939 INFO Holt–Winters model trained successfully.
2025-03-19 23:19:16,941 INFO HoltWinters training completed.
2025-03-19 23:19:16,941 INFO HoltWinters training completed.
2025-03-19 23:19:16,944 INFO Training LinearRegression model...
2025-03-19 23:19:16,944 INFO Training LinearRegression model...
2025-03-19 23:19:16,947 INFO Linear Regression model trained successfully.
2025-03-19 23:19:16,947 INFO Linear Regression model trained successfully.
2025-03-19 23:19:16,949 INFO LinearRegression training completed.
2025-03-19 23:19:16,949 INFO LinearRegression training completed.
2025-03-19 23:19:16,951 INFO Running forecasting models...
2025-03-19 23:19:16,951 INFO Running forecasting models...
2025-03-19 23:19:16,953 INFO Running LSTM forecaster...
2025-03-19 23:19:16,953 INFO Running LSTM forecaster...
2025-03-19 23:19:16,963 INFO LSTM Epoch 0/50, Loss: 0.5769190192222595
2025-03-19 23:19:16,963 INFO LSTM Epoch 0/50, Loss: 0.5769190192222595
2025-03-19 23:19:16,981 INFO LSTM Epoch 10/50, Loss: 0.5080620050430298
2025-03-19 23:19:16,981 INFO LSTM Epoch 10/50, Loss: 0.5080620050430298
2025-03-19 23:19:16,996 INFO LSTM Epoch 20/50, Loss: 0.44270920753479004
2025-03-19 23:19:16,996 INFO LSTM Epoch 20/50, Loss: 0.44270920753479004
2025-03-19 23:19:17,011 INFO LSTM Epoch 30/50, Loss: 0.37736716866493225
2025-03-19 23:19:17,011 INFO LSTM Epoch 30/50, Loss: 0.37736716866493225
2025-03-19 23:19:17,028 INFO LSTM Epoch 40/50, Loss: 0.3103972375392914
2025-03-19 23:19:17,028 INFO LSTM Epoch 40/50, Loss: 0.3103972375392914
2025-03-19 23:19:17,048 INFO LSTM forecasting completed.
2025-03-19 23:19:17,048 INFO LSTM forecasting completed.
2025-03-19 23:19:17,050 INFO Running GRU forecaster...
2025-03-19 23:19:17,050 INFO Running GRU forecaster...
2025-03-19 23:19:17,058 INFO GRU Epoch 0/50, Loss: 0.2699369788169861
2025-03-19 23:19:17,058 INFO GRU Epoch 0/50, Loss: 0.2699369788169861
2025-03-19 23:19:17,072 INFO GRU Epoch 10/50, Loss: 0.20165270566940308
2025-03-19 23:19:17,072 INFO GRU Epoch 10/50, Loss: 0.20165270566940308
2025-03-19 23:19:17,088 INFO GRU Epoch 20/50, Loss: 0.1458488404750824
2025-03-19 23:19:17,088 INFO GRU Epoch 20/50, Loss: 0.1458488404750824
2025-03-19 23:19:17,103 INFO GRU Epoch 30/50, Loss: 0.10369537770748138
2025-03-19 23:19:17,103 INFO GRU Epoch 30/50, Loss: 0.10369537770748138
2025-03-19 23:19:17,118 INFO GRU Epoch 40/50, Loss: 0.07700932025909424
2025-03-19 23:19:17,118 INFO GRU Epoch 40/50, Loss: 0.07700932025909424
2025-03-19 23:19:17,134 INFO GRU forecasting completed.
2025-03-19 23:19:17,134 INFO GRU forecasting completed.
2025-03-19 23:19:17,138 INFO Running ARIMA forecaster...
2025-03-19 23:19:17,138 INFO Running ARIMA forecaster...
2025-03-19 23:19:17,189 INFO ARIMA model trained successfully.
2025-03-19 23:19:17,189 INFO ARIMA model trained successfully.
2025-03-19 23:19:17,194 INFO ARIMA forecasting completed.
2025-03-19 23:19:17,194 INFO ARIMA forecasting completed.
2025-03-19 23:19:17,196 INFO Running HoltWinters forecaster...
2025-03-19 23:19:17,196 INFO Running HoltWinters forecaster...
2025-03-19 23:19:17,257 INFO Holt–Winters model trained successfully.
2025-03-19 23:19:17,257 INFO Holt–Winters model trained successfully.
2025-03-19 23:19:17,260 INFO HoltWinters forecasting completed.
2025-03-19 23:19:17,260 INFO HoltWinters forecasting completed.
2025-03-19 23:19:17,263 INFO Running LinearRegression forecaster...
2025-03-19 23:19:17,263 INFO Running LinearRegression forecaster...
2025-03-19 23:19:17,266 INFO Linear Regression model trained successfully.
2025-03-19 23:19:17,266 INFO Linear Regression model trained successfully.
2025-03-19 23:19:17,269 INFO LinearRegression forecasting completed.
2025-03-19 23:19:17,269 INFO LinearRegression forecasting completed.
2025-03-19 23:19:44,812 INFO Starting trading pipeline...
2025-03-19 23:19:44,813 INFO Fetching data for ['AAPL'] from 2022-01-01 to 2022-12-31...
2025-03-19 23:19:45,450 INFO Data loaded successfully from Yahoo Finance for ['AAPL'] from 2022-01-01 to 2022-12-31
2025-03-19 23:19:45,452 INFO           Date       Close        High         Low        Open     Volume
0   2022-01-03  178.879913  179.734962  174.653874  174.771805  104487900
1   2022-01-04  176.609650  179.793936  176.039622  179.489269   99310400
2   2022-01-05  171.911835  177.071549  171.636651  176.521181   94537600
3   2022-01-06  169.042053  172.285305  168.688244  169.730012   96904000
4   2022-01-07  169.209137  171.145259  168.088742  169.916756   86709100
..         ...         ...         ...         ...         ...        ...
246 2022-12-23  130.344498  130.898059  128.150012  129.415299   63814900
247 2022-12-27  128.535522  129.899667  127.240581  129.870013   69007800
248 2022-12-28  124.591377  129.524023  124.423333  128.179654   85438400
249 2022-12-29  128.120361  128.980357  126.261971  126.518978   75703700
250 2022-12-30  128.436676  128.456450  125.965417  126.934157   77034200

[251 rows x 6 columns]
2025-03-19 23:19:45,460 INFO No missing values found.
2025-03-19 23:19:45,463 INFO No duplicate rows found.
2025-03-19 23:19:45,464 INFO Data types:
Date      datetime64[ns]
Close            float64
High             float64
Low              float64
Open             float64
Volume             int64
dtype: object
2025-03-19 23:19:45,476 INFO Data statistical summary:
                                Date       Close        High         Low        Open        Volume
count                            251  251.000000  251.000000  251.000000  251.000000  2.510000e+02
mean   2022-07-02 15:23:39.920318720  152.607556  154.650547  150.494617  152.575787  8.791038e+07
min              2022-01-03 00:00:00  124.591377  128.456450  124.423333  126.518978  3.519590e+07
25%              2022-04-02 12:00:00  142.799416  144.964520  140.376146  142.454336  7.229740e+07
50%              2022-07-05 00:00:00  151.855820  153.570582  149.736988  151.776943  8.373720e+07
75%              2022-10-01 12:00:00  163.372047  165.754608  161.384457  163.704391  9.693705e+07
max              2022-12-30 00:00:00  178.879913  179.793936  176.039622  179.489269  1.826020e+08
std                              NaN   12.697924   12.575342   12.753981   12.705788  2.365699e+07
2025-03-19 23:19:45,482 WARNING Outliers found:
Date       0
Close      0
High       0
Low        0
Open       0
Volume    14
dtype: int64
2025-03-19 23:19:45,483 INFO Calculating technical indicators...
2025-03-19 23:19:45,486 INFO Relative Strength Index (window=14) calculated successfully as RSI.
2025-03-19 23:19:45,487 INFO MACD (slow=26, fast=12, sign=9) calculated successfully.
2025-03-19 23:19:45,492 INFO Average True Range (window=14) calculated successfully.
2025-03-19 23:19:45,494 INFO Bollinger Bands (window=20, std_dev=2) calculated successfully.
2025-03-19 23:19:45,497 INFO Moving Average (window=20) calculated successfully.
2025-03-19 23:19:45,498 INFO Exponential Moving Average (window=20) calculated successfully.
2025-03-19 23:19:45,499 INFO Generating rule-based signals...
2025-03-19 23:19:45,501 INFO Rule-based signals generated successfully.
2025-03-19 23:19:45,503 INFO Columns after signal generation: ['Date', 'Close', 'High', 'Low', 'Open', 'Volume', 'RSI', 'MACD', 'MACD_Signal', 'MACD_Hist', 'ATR', 'BB_High', 'BB_Low', 'BB_Mid', 'MA_20', 'EMA_20', 'Rule_Signal', 'Signal']
2025-03-19 23:19:45,503 INFO Applying feature engineering (creating lagged features)...
2025-03-19 23:19:45,506 INFO Higher Highs and Lower Lows identified successfully.
2025-03-19 23:19:45,508 INFO Double Top pattern identified successfully.
2025-03-19 23:19:45,510 INFO Head and Shoulders pattern identified successfully.
2025-03-19 23:19:45,514 INFO Triple Bottom pattern identified successfully.
2025-03-19 23:19:45,517 INFO Cup and Handle pattern identified successfully.
2025-03-19 23:19:45,519 INFO Bullish Engulfing pattern identified successfully.
2025-03-19 23:19:45,521 INFO Bearish Engulfing pattern identified successfully.
2025-03-19 23:19:45,522 INFO Morning Star pattern identified successfully.
2025-03-19 23:19:45,524 INFO Evening Star pattern identified successfully.
2025-03-19 23:19:45,526 INFO Hammer pattern identified successfully.
2025-03-19 23:19:45,529 INFO Shooting Star pattern identified successfully.
2025-03-19 23:19:45,531 INFO RSI Divergence identified successfully.
2025-03-19 23:19:45,533 INFO Bollinger Band Squeeze identified successfully.
2025-03-19 23:19:45,537 INFO Moving Average Crossover identified successfully.
2025-03-19 23:19:45,542 INFO ADX Trend Strength identified successfully.
2025-03-19 23:19:45,544 INFO Stochastic Oscillator identified successfully.
2025-03-19 23:19:45,546 INFO Pennant pattern identified successfully.
2025-03-19 23:19:45,549 INFO Flag pattern identified successfully.
2025-03-19 23:19:45,552 INFO Wedge pattern identified successfully.
2025-03-19 23:19:45,554 INFO Triangle pattern identified successfully.
2025-03-19 23:19:45,555 INFO Patterns added successfully.
2025-03-19 23:19:45,556 INFO Moving Average (window=20) calculated successfully.
2025-03-19 23:19:45,557 INFO Exponential Moving Average (window=20) calculated successfully.
2025-03-19 23:19:45,559 INFO Relative Strength Index (window=14) calculated successfully as RSI.
2025-03-19 23:19:45,562 INFO Bollinger Bands (window=20, std_dev=2) calculated successfully.
2025-03-19 23:19:45,563 INFO MACD (slow=26, fast=12, sign=9) calculated successfully.
2025-03-19 23:19:45,571 INFO Average True Range (window=14) calculated successfully.
2025-03-19 23:19:45,573 INFO Stochastic Oscillator (window=14, smooth_window=3) calculated successfully.
2025-03-19 23:19:45,577 INFO Commodity Channel Index (window=20) calculated successfully.
2025-03-19 23:19:45,580 INFO Ichimoku Cloud (window1=9, window2=26, window3=52) calculated successfully.
2025-03-19 23:19:45,584 INFO Aroon Indicator (window=25) calculated successfully.
2025-03-19 23:19:45,607 INFO Parabolic SAR (acceleration=0.02, maximum=0.2) calculated successfully.
2025-03-19 23:19:45,608 INFO Volume Weighted Average Price (window=14) calculated successfully.
2025-03-19 23:19:45,611 INFO On-Balance Volume calculated successfully.
2025-03-19 23:19:45,615 INFO Money Flow Index (window=14) calculated successfully.
2025-03-19 23:19:45,617 INFO Chaikin Money Flow (window=20) calculated successfully.
2025-03-19 23:19:45,623 INFO Ease of Movement (window=14) calculated successfully.
2025-03-19 23:19:45,624 INFO Accumulation/Distribution Index calculated successfully.
2025-03-19 23:19:45,628 INFO Ultimate Oscillator (short_window=7, long_window=14) calculated successfully.
2025-03-19 23:19:45,629 INFO Indicators added successfully.
2025-03-19 23:19:45,632 INFO Missing values handled successfully.
2025-03-19 23:19:45,646 INFO Lagged features created successfully.
2025-03-19 23:19:45,659 INFO Data normalised successfully.
2025-03-19 23:19:45,671 INFO Feature engineering completed successfully.
2025-03-19 23:19:45,672 INFO Training model on engineered data...
2025-03-19 23:19:45,771 INFO Model trained successfully with accuracy: 1.00
2025-03-19 23:19:45,786 INFO Model signals applied successfully.
2025-03-19 23:19:45,789 INFO Consensus signal generated successfully.
2025-03-19 23:19:45,804 INFO Backtesting completed successfully.
2025-03-19 23:19:45,808 INFO Rule-Based Signal Accuracy: 1.00
2025-03-19 23:19:45,810 INFO Model-Based Signal Accuracy: 1.00
2025-03-19 23:19:45,811 INFO Rule-based accuracy: 1.00, Model accuracy: 1.00
2025-03-19 23:19:49,370 INFO Buy/Sell signals plotted for ['AAPL']
2025-03-19 23:19:50,099 INFO Backtesting balance plotted for ['AAPL']
2025-03-19 23:19:50,101 INFO Training forecasting model (LSTM)...
2025-03-19 23:19:51,573 INFO LSTM Epoch 0/50, Loss: 0.40390342473983765
2025-03-19 23:19:51,594 INFO LSTM Epoch 10/50, Loss: 0.3474801182746887
2025-03-19 23:19:51,612 INFO LSTM Epoch 20/50, Loss: 0.2924305498600006
2025-03-19 23:19:51,630 INFO LSTM Epoch 30/50, Loss: 0.23777516186237335
2025-03-19 23:19:51,649 INFO LSTM Epoch 40/50, Loss: 0.1846146583557129
2025-03-19 23:19:51,664 INFO Running forecasting model (LSTM)...
2025-03-19 23:19:51,676 INFO LSTM Epoch 0/50, Loss: 0.382528156042099
2025-03-19 23:19:51,692 INFO LSTM Epoch 10/50, Loss: 0.3232806622982025
2025-03-19 23:19:51,711 INFO LSTM Epoch 20/50, Loss: 0.2689395248889923
2025-03-19 23:19:51,730 INFO LSTM Epoch 30/50, Loss: 0.21823477745056152
2025-03-19 23:19:51,746 INFO LSTM Epoch 40/50, Loss: 0.17125451564788818
2025-03-19 23:19:51,766 INFO LSTM forecasting completed successfully.
2025-03-19 23:19:51,769 INFO Training forecasting model (GRU)...
2025-03-19 23:19:51,778 INFO GRU Epoch 0/50, Loss: 0.34060704708099365
2025-03-19 23:19:51,795 INFO GRU Epoch 10/50, Loss: 0.27000653743743896
2025-03-19 23:19:51,813 INFO GRU Epoch 20/50, Loss: 0.20923510193824768
2025-03-19 23:19:51,830 INFO GRU Epoch 30/50, Loss: 0.1571037918329239
2025-03-19 23:19:51,846 INFO GRU Epoch 40/50, Loss: 0.11465511471033096
2025-03-19 23:19:51,863 INFO Running forecasting model (GRU)...
2025-03-19 23:19:51,871 INFO GRU Epoch 0/50, Loss: 0.4036572277545929
2025-03-19 23:19:51,885 INFO GRU Epoch 10/50, Loss: 0.31862467527389526
2025-03-19 23:19:51,899 INFO GRU Epoch 20/50, Loss: 0.24323493242263794
2025-03-19 23:19:51,912 INFO GRU Epoch 30/50, Loss: 0.17776799201965332
2025-03-19 23:19:51,924 INFO GRU Epoch 40/50, Loss: 0.12483199685811996
2025-03-19 23:19:51,940 INFO GRU forecasting completed successfully.
2025-03-19 23:19:51,941 INFO Training forecasting model (ARIMA)...
2025-03-19 23:19:52,009 INFO ARIMA model trained successfully.
2025-03-19 23:19:52,010 INFO Running forecasting model (ARIMA)...
2025-03-19 23:19:52,055 INFO ARIMA model trained successfully.
2025-03-19 23:19:52,059 INFO ARIMA forecasting completed successfully.
2025-03-19 23:19:52,059 INFO Training forecasting model (HoltWinters)...
2025-03-19 23:19:52,141 INFO Holt–Winters model trained successfully.
2025-03-19 23:19:52,143 INFO Running forecasting model (HoltWinters)...
2025-03-19 23:19:52,190 INFO Holt–Winters model trained successfully.
2025-03-19 23:19:52,192 INFO HoltWinters forecasting completed successfully.
2025-03-19 23:19:52,193 INFO Training forecasting model (LinearRegression)...
2025-03-19 23:19:52,196 INFO Linear Regression model trained successfully.
2025-03-19 23:19:52,197 INFO Running forecasting model (LinearRegression)...
2025-03-19 23:19:52,198 INFO Linear Regression model trained successfully.
2025-03-19 23:19:52,201 INFO LinearRegression forecasting completed successfully.
2025-03-19 23:19:52,202 ERROR Error in risk management: 'volume'
2025-03-19 23:19:52,205 INFO Resistance levels (window=20) calculated successfully.
2025-03-19 23:19:52,208 INFO Support levels (window=20) calculated successfully.
2025-03-19 23:19:52,210 INFO Volatility (window=20) calculated successfully.
2025-03-19 23:19:52,212 INFO Volume moving average (window=20) calculated successfully.
2025-03-19 23:19:52,214 WARNING Data for AAPL is missing. Skipping.
2025-03-19 23:19:52,214 WARNING Data for AAPL is missing. Skipping.
2025-03-19 23:19:52,216 INFO Stock screening results: {'short_term': {}, 'long_term': {}}
2025-03-19 23:19:52,217 INFO Generating trade execution report...
2025-03-19 23:19:53,000 ERROR Error plotting forecasts for AAPL: -1
2025-03-19 23:20:14,158 INFO Starting trading pipeline...
2025-03-19 23:20:14,159 INFO Fetching data for ['AAPL'] from 2022-01-01 to 2022-12-31...
2025-03-19 23:20:14,485 INFO Data loaded successfully from Yahoo Finance for ['AAPL'] from 2022-01-01 to 2022-12-31
2025-03-19 23:20:14,487 INFO           Date       Close        High         Low        Open     Volume
0   2022-01-03  178.879898  179.734947  174.653859  174.771790  104487900
1   2022-01-04  176.609634  179.793920  176.039607  179.489254   99310400
2   2022-01-05  171.911835  177.071549  171.636651  176.521181   94537600
3   2022-01-06  169.042099  172.285352  168.688289  169.730058   96904000
4   2022-01-07  169.209152  171.145275  168.088758  169.916771   86709100
..         ...         ...         ...         ...         ...        ...
246 2022-12-23  130.344513  130.898074  128.150027  129.415314   63814900
247 2022-12-27  128.535538  129.899682  127.240596  129.870028   69007800
248 2022-12-28  124.591385  129.524031  124.423341  128.179661   85438400
249 2022-12-29  128.120361  128.980357  126.261971  126.518978   75703700
250 2022-12-30  128.436676  128.456450  125.965417  126.934157   77034200

[251 rows x 6 columns]
2025-03-19 23:20:14,494 INFO No missing values found.
2025-03-19 23:20:14,497 INFO No duplicate rows found.
2025-03-19 23:20:14,499 INFO Data types:
Date      datetime64[ns]
Close            float64
High             float64
Low              float64
Open             float64
Volume             int64
dtype: object
2025-03-19 23:20:14,513 INFO Data statistical summary:
                                Date       Close        High         Low        Open        Volume
count                            251  251.000000  251.000000  251.000000  251.000000  2.510000e+02
mean   2022-07-02 15:23:39.920318720  152.607555  154.650546  150.494616  152.575786  8.791038e+07
min              2022-01-03 00:00:00  124.591385  128.456450  124.423341  126.518978  3.519590e+07
25%              2022-04-02 12:00:00  142.799416  144.964513  140.376138  142.454343  7.229740e+07
50%              2022-07-05 00:00:00  151.855804  153.570551  149.736988  151.776943  8.373720e+07
75%              2022-10-01 12:00:00  163.372040  165.754623  161.384472  163.704360  9.693705e+07
max              2022-12-30 00:00:00  178.879898  179.793920  176.039607  179.489254  1.826020e+08
std                              NaN   12.697923   12.575341   12.753980   12.705787  2.365699e+07
2025-03-19 23:20:14,517 WARNING Outliers found:
Date       0
Close      0
High       0
Low        0
Open       0
Volume    14
dtype: int64
2025-03-19 23:20:14,518 INFO Calculating technical indicators...
2025-03-19 23:20:14,521 INFO Relative Strength Index (window=14) calculated successfully as RSI.
2025-03-19 23:20:14,523 INFO MACD (slow=26, fast=12, sign=9) calculated successfully.
2025-03-19 23:20:14,526 INFO Average True Range (window=14) calculated successfully.
2025-03-19 23:20:14,529 INFO Bollinger Bands (window=20, std_dev=2) calculated successfully.
2025-03-19 23:20:14,530 INFO Moving Average (window=20) calculated successfully.
2025-03-19 23:20:14,532 INFO Exponential Moving Average (window=20) calculated successfully.
2025-03-19 23:20:14,533 INFO Generating rule-based signals...
2025-03-19 23:20:14,535 INFO Rule-based signals generated successfully.
2025-03-19 23:20:14,536 INFO Columns after signal generation: ['Date', 'Close', 'High', 'Low', 'Open', 'Volume', 'RSI', 'MACD', 'MACD_Signal', 'MACD_Hist', 'ATR', 'BB_High', 'BB_Low', 'BB_Mid', 'MA_20', 'EMA_20', 'Rule_Signal', 'Signal']
2025-03-19 23:20:14,536 INFO Applying feature engineering (creating lagged features)...
2025-03-19 23:20:14,539 INFO Higher Highs and Lower Lows identified successfully.
2025-03-19 23:20:14,542 INFO Double Top pattern identified successfully.
2025-03-19 23:20:14,543 INFO Head and Shoulders pattern identified successfully.
2025-03-19 23:20:14,545 INFO Triple Bottom pattern identified successfully.
2025-03-19 23:20:14,548 INFO Cup and Handle pattern identified successfully.
2025-03-19 23:20:14,549 INFO Bullish Engulfing pattern identified successfully.
2025-03-19 23:20:14,552 INFO Bearish Engulfing pattern identified successfully.
2025-03-19 23:20:14,554 INFO Morning Star pattern identified successfully.
2025-03-19 23:20:14,555 INFO Evening Star pattern identified successfully.
2025-03-19 23:20:14,557 INFO Hammer pattern identified successfully.
2025-03-19 23:20:14,558 INFO Shooting Star pattern identified successfully.
2025-03-19 23:20:14,563 INFO RSI Divergence identified successfully.
2025-03-19 23:20:14,565 INFO Bollinger Band Squeeze identified successfully.
2025-03-19 23:20:14,567 INFO Moving Average Crossover identified successfully.
2025-03-19 23:20:14,573 INFO ADX Trend Strength identified successfully.
2025-03-19 23:20:14,576 INFO Stochastic Oscillator identified successfully.
2025-03-19 23:20:14,578 INFO Pennant pattern identified successfully.
2025-03-19 23:20:14,580 INFO Flag pattern identified successfully.
2025-03-19 23:20:14,582 INFO Wedge pattern identified successfully.
2025-03-19 23:20:14,585 INFO Triangle pattern identified successfully.
2025-03-19 23:20:14,586 INFO Patterns added successfully.
2025-03-19 23:20:14,587 INFO Moving Average (window=20) calculated successfully.
2025-03-19 23:20:14,589 INFO Exponential Moving Average (window=20) calculated successfully.
2025-03-19 23:20:14,591 INFO Relative Strength Index (window=14) calculated successfully as RSI.
2025-03-19 23:20:14,592 INFO Bollinger Bands (window=20, std_dev=2) calculated successfully.
2025-03-19 23:20:14,593 INFO MACD (slow=26, fast=12, sign=9) calculated successfully.
2025-03-19 23:20:14,597 INFO Average True Range (window=14) calculated successfully.
2025-03-19 23:20:14,600 INFO Stochastic Oscillator (window=14, smooth_window=3) calculated successfully.
2025-03-19 23:20:14,603 INFO Commodity Channel Index (window=20) calculated successfully.
2025-03-19 23:20:14,607 INFO Ichimoku Cloud (window1=9, window2=26, window3=52) calculated successfully.
2025-03-19 23:20:14,610 INFO Aroon Indicator (window=25) calculated successfully.
2025-03-19 23:20:14,633 INFO Parabolic SAR (acceleration=0.02, maximum=0.2) calculated successfully.
2025-03-19 23:20:14,636 INFO Volume Weighted Average Price (window=14) calculated successfully.
2025-03-19 23:20:14,638 INFO On-Balance Volume calculated successfully.
2025-03-19 23:20:14,642 INFO Money Flow Index (window=14) calculated successfully.
2025-03-19 23:20:14,645 INFO Chaikin Money Flow (window=20) calculated successfully.
2025-03-19 23:20:14,648 INFO Ease of Movement (window=14) calculated successfully.
2025-03-19 23:20:14,649 INFO Accumulation/Distribution Index calculated successfully.
2025-03-19 23:20:14,653 INFO Ultimate Oscillator (short_window=7, long_window=14) calculated successfully.
2025-03-19 23:20:14,654 INFO Indicators added successfully.
2025-03-19 23:20:14,658 INFO Missing values handled successfully.
2025-03-19 23:20:14,673 INFO Lagged features created successfully.
2025-03-19 23:20:14,681 INFO Data normalised successfully.
2025-03-19 23:20:14,685 INFO Feature engineering completed successfully.
2025-03-19 23:20:14,686 INFO Training model on engineered data...
2025-03-19 23:20:14,779 INFO Model trained successfully with accuracy: 1.00
2025-03-19 23:20:14,793 INFO Model signals applied successfully.
2025-03-19 23:20:14,797 INFO Consensus signal generated successfully.
2025-03-19 23:20:14,811 INFO Backtesting completed successfully.
2025-03-19 23:20:14,814 INFO Rule-Based Signal Accuracy: 1.00
2025-03-19 23:20:14,816 INFO Model-Based Signal Accuracy: 1.00
2025-03-19 23:20:14,817 INFO Rule-based accuracy: 1.00, Model accuracy: 1.00
2025-03-19 23:21:54,172 INFO Buy/Sell signals plotted for ['AAPL']
2025-03-19 23:21:55,130 INFO Backtesting balance plotted for ['AAPL']
2025-03-19 23:21:55,133 INFO Training forecasting model (LSTM)...
2025-03-19 23:21:57,214 INFO LSTM Epoch 0/50, Loss: 0.35522380471229553
2025-03-19 23:21:57,234 INFO LSTM Epoch 10/50, Loss: 0.30023086071014404
2025-03-19 23:21:57,252 INFO LSTM Epoch 20/50, Loss: 0.24873051047325134
2025-03-19 23:21:57,268 INFO LSTM Epoch 30/50, Loss: 0.19934071600437164
2025-03-19 23:21:57,284 INFO LSTM Epoch 40/50, Loss: 0.15318633615970612
2025-03-19 23:21:57,300 INFO Running forecasting model (LSTM)...
2025-03-19 23:21:57,309 INFO LSTM Epoch 0/50, Loss: 0.38391852378845215
2025-03-19 23:21:57,325 INFO LSTM Epoch 10/50, Loss: 0.32787296175956726
2025-03-19 23:21:57,342 INFO LSTM Epoch 20/50, Loss: 0.2742575705051422
2025-03-19 23:21:57,357 INFO LSTM Epoch 30/50, Loss: 0.22155499458312988
2025-03-19 23:21:57,374 INFO LSTM Epoch 40/50, Loss: 0.17088575661182404
2025-03-19 23:21:57,395 INFO LSTM forecasting completed successfully.
2025-03-19 23:21:57,397 INFO Training forecasting model (GRU)...
2025-03-19 23:21:57,406 INFO GRU Epoch 0/50, Loss: 0.32079145312309265
2025-03-19 23:21:57,423 INFO GRU Epoch 10/50, Loss: 0.24802729487419128
2025-03-19 23:21:57,439 INFO GRU Epoch 20/50, Loss: 0.18563784658908844
2025-03-19 23:21:57,455 INFO GRU Epoch 30/50, Loss: 0.1337653547525406
2025-03-19 23:21:57,470 INFO GRU Epoch 40/50, Loss: 0.09531126171350479
2025-03-19 23:21:57,483 INFO Running forecasting model (GRU)...
2025-03-19 23:21:57,489 INFO GRU Epoch 0/50, Loss: 0.3277747929096222
2025-03-19 23:21:57,504 INFO GRU Epoch 10/50, Loss: 0.26035234332084656
2025-03-19 23:21:57,516 INFO GRU Epoch 20/50, Loss: 0.2012425810098648
2025-03-19 23:21:57,541 INFO GRU Epoch 30/50, Loss: 0.14965349435806274
2025-03-19 23:21:57,575 INFO GRU Epoch 40/50, Loss: 0.10761816054582596
2025-03-19 23:21:57,603 INFO GRU forecasting completed successfully.
2025-03-19 23:21:57,617 INFO Training forecasting model (ARIMA)...
2025-03-19 23:21:57,684 INFO ARIMA model trained successfully.
2025-03-19 23:21:57,685 INFO Running forecasting model (ARIMA)...
2025-03-19 23:21:57,729 INFO ARIMA model trained successfully.
2025-03-19 23:21:57,733 INFO ARIMA forecasting completed successfully.
2025-03-19 23:21:57,734 INFO Training forecasting model (HoltWinters)...
2025-03-19 23:21:57,811 INFO Holt–Winters model trained successfully.
2025-03-19 23:21:57,812 INFO Running forecasting model (HoltWinters)...
2025-03-19 23:21:57,859 INFO Holt–Winters model trained successfully.
2025-03-19 23:21:57,862 INFO HoltWinters forecasting completed successfully.
2025-03-19 23:21:57,863 INFO Training forecasting model (LinearRegression)...
2025-03-19 23:21:57,864 INFO Linear Regression model trained successfully.
2025-03-19 23:21:57,865 INFO Running forecasting model (LinearRegression)...
2025-03-19 23:21:57,868 INFO Linear Regression model trained successfully.
2025-03-19 23:21:57,869 INFO LinearRegression forecasting completed successfully.
2025-03-19 23:21:57,871 ERROR Error in risk management: 'volume'
2025-03-19 23:21:57,873 INFO Resistance levels (window=20) calculated successfully.
2025-03-19 23:21:57,876 INFO Support levels (window=20) calculated successfully.
2025-03-19 23:21:57,879 INFO Volatility (window=20) calculated successfully.
2025-03-19 23:21:57,882 INFO Volume moving average (window=20) calculated successfully.
2025-03-19 23:21:57,884 WARNING Data for AAPL is missing. Skipping.
2025-03-19 23:21:57,885 WARNING Data for AAPL is missing. Skipping.
2025-03-19 23:21:57,886 INFO Stock screening results: {'short_term': {}, 'long_term': {}}
2025-03-19 23:21:57,887 INFO Generating trade execution report...
2025-03-19 23:21:58,613 ERROR Error plotting forecasts for AAPL: -1
2025-03-19 23:22:23,302 INFO Starting trading pipeline...
2025-03-19 23:22:23,304 INFO Fetching data for ['AAPL'] from 2022-01-01 to 2022-12-31...
2025-03-19 23:22:23,610 INFO Data loaded successfully from Yahoo Finance for ['AAPL'] from 2022-01-01 to 2022-12-31
2025-03-19 23:22:23,612 INFO           Date       Close        High         Low        Open     Volume
0   2022-01-03  178.879929  179.734977  174.653889  174.771820  104487900
1   2022-01-04  176.609634  179.793920  176.039607  179.489254   99310400
2   2022-01-05  171.911850  177.071564  171.636666  176.521197   94537600
3   2022-01-06  169.042084  172.285336  168.688274  169.730043   96904000
4   2022-01-07  169.209167  171.145290  168.088773  169.916787   86709100
..         ...         ...         ...         ...         ...        ...
246 2022-12-23  130.344498  130.898059  128.150012  129.415299   63814900
247 2022-12-27  128.535522  129.899667  127.240581  129.870013   69007800
248 2022-12-28  124.591377  129.524023  124.423333  128.179654   85438400
249 2022-12-29  128.120361  128.980357  126.261971  126.518978   75703700
250 2022-12-30  128.436646  128.456420  125.965387  126.934126   77034200

[251 rows x 6 columns]
2025-03-19 23:22:23,619 INFO No missing values found.
2025-03-19 23:22:23,620 INFO No duplicate rows found.
2025-03-19 23:22:23,623 INFO Data types:
Date      datetime64[ns]
Close            float64
High             float64
Low              float64
Open             float64
Volume             int64
dtype: object
2025-03-19 23:22:23,635 INFO Data statistical summary:
                                Date       Close        High         Low        Open        Volume
count                            251  251.000000  251.000000  251.000000  251.000000  2.510000e+02
mean   2022-07-02 15:23:39.920318720  152.607554  154.650545  150.494616  152.575785  8.791038e+07
min              2022-01-03 00:00:00  124.591377  128.456420  124.423333  126.518978  3.519590e+07
25%              2022-04-02 12:00:00  142.799408  144.964497  140.376139  142.454336  7.229740e+07
50%              2022-07-05 00:00:00  151.855789  153.570566  149.736988  151.776913  8.373720e+07
75%              2022-10-01 12:00:00  163.372017  165.754623  161.384465  163.704352  9.693705e+07
max              2022-12-30 00:00:00  178.879929  179.793920  176.039607  179.489254  1.826020e+08
std                              NaN   12.697924   12.575342   12.753981   12.705788  2.365699e+07
2025-03-19 23:22:23,640 WARNING Outliers found:
Date       0
Close      0
High       0
Low        0
Open       0
Volume    14
dtype: int64
2025-03-19 23:22:23,641 INFO Calculating technical indicators...
2025-03-19 23:22:23,644 INFO Relative Strength Index (window=14) calculated successfully as RSI.
2025-03-19 23:22:23,646 INFO MACD (slow=26, fast=12, sign=9) calculated successfully.
2025-03-19 23:22:23,649 INFO Average True Range (window=14) calculated successfully.
2025-03-19 23:22:23,651 INFO Bollinger Bands (window=20, std_dev=2) calculated successfully.
2025-03-19 23:22:23,654 INFO Moving Average (window=20) calculated successfully.
2025-03-19 23:22:23,655 INFO Exponential Moving Average (window=20) calculated successfully.
2025-03-19 23:22:23,656 INFO Generating rule-based signals...
2025-03-19 23:22:23,658 INFO Rule-based signals generated successfully.
2025-03-19 23:22:23,659 INFO Columns after signal generation: ['Date', 'Close', 'High', 'Low', 'Open', 'Volume', 'RSI', 'MACD', 'MACD_Signal', 'MACD_Hist', 'ATR', 'BB_High', 'BB_Low', 'BB_Mid', 'MA_20', 'EMA_20', 'Rule_Signal', 'Signal']
2025-03-19 23:22:23,660 INFO Applying feature engineering (creating lagged features)...
2025-03-19 23:22:23,663 INFO Higher Highs and Lower Lows identified successfully.
2025-03-19 23:22:23,665 INFO Double Top pattern identified successfully.
2025-03-19 23:22:23,666 INFO Head and Shoulders pattern identified successfully.
2025-03-19 23:22:23,668 INFO Triple Bottom pattern identified successfully.
2025-03-19 23:22:23,672 INFO Cup and Handle pattern identified successfully.
2025-03-19 23:22:23,673 INFO Bullish Engulfing pattern identified successfully.
2025-03-19 23:22:23,675 INFO Bearish Engulfing pattern identified successfully.
2025-03-19 23:22:23,677 INFO Morning Star pattern identified successfully.
2025-03-19 23:22:23,679 INFO Evening Star pattern identified successfully.
2025-03-19 23:22:23,681 INFO Hammer pattern identified successfully.
2025-03-19 23:22:23,682 INFO Shooting Star pattern identified successfully.
2025-03-19 23:22:23,686 INFO RSI Divergence identified successfully.
2025-03-19 23:22:23,688 INFO Bollinger Band Squeeze identified successfully.
2025-03-19 23:22:23,690 INFO Moving Average Crossover identified successfully.
2025-03-19 23:22:23,696 INFO ADX Trend Strength identified successfully.
2025-03-19 23:22:23,699 INFO Stochastic Oscillator identified successfully.
2025-03-19 23:22:23,701 INFO Pennant pattern identified successfully.
2025-03-19 23:22:23,703 INFO Flag pattern identified successfully.
2025-03-19 23:22:23,705 INFO Wedge pattern identified successfully.
2025-03-19 23:22:23,707 INFO Triangle pattern identified successfully.
2025-03-19 23:22:23,708 INFO Patterns added successfully.
2025-03-19 23:22:23,711 INFO Moving Average (window=20) calculated successfully.
2025-03-19 23:22:23,712 INFO Exponential Moving Average (window=20) calculated successfully.
2025-03-19 23:22:23,714 INFO Relative Strength Index (window=14) calculated successfully as RSI.
2025-03-19 23:22:23,717 INFO Bollinger Bands (window=20, std_dev=2) calculated successfully.
2025-03-19 23:22:23,718 INFO MACD (slow=26, fast=12, sign=9) calculated successfully.
2025-03-19 23:22:23,722 INFO Average True Range (window=14) calculated successfully.
2025-03-19 23:22:23,724 INFO Stochastic Oscillator (window=14, smooth_window=3) calculated successfully.
2025-03-19 23:22:23,728 INFO Commodity Channel Index (window=20) calculated successfully.
2025-03-19 23:22:23,731 INFO Ichimoku Cloud (window1=9, window2=26, window3=52) calculated successfully.
2025-03-19 23:22:23,734 INFO Aroon Indicator (window=25) calculated successfully.
2025-03-19 23:22:23,758 INFO Parabolic SAR (acceleration=0.02, maximum=0.2) calculated successfully.
2025-03-19 23:22:23,760 INFO Volume Weighted Average Price (window=14) calculated successfully.
2025-03-19 23:22:23,762 INFO On-Balance Volume calculated successfully.
2025-03-19 23:22:23,767 INFO Money Flow Index (window=14) calculated successfully.
2025-03-19 23:22:23,769 INFO Chaikin Money Flow (window=20) calculated successfully.
2025-03-19 23:22:23,771 INFO Ease of Movement (window=14) calculated successfully.
2025-03-19 23:22:23,772 INFO Accumulation/Distribution Index calculated successfully.
2025-03-19 23:22:23,776 INFO Ultimate Oscillator (short_window=7, long_window=14) calculated successfully.
2025-03-19 23:22:23,777 INFO Indicators added successfully.
2025-03-19 23:22:23,780 INFO Missing values handled successfully.
2025-03-19 23:22:23,795 INFO Lagged features created successfully.
2025-03-19 23:22:23,803 INFO Data normalised successfully.
2025-03-19 23:22:23,807 INFO Feature engineering completed successfully.
2025-03-19 23:22:23,809 INFO Training model on engineered data...
2025-03-19 23:22:23,900 INFO Model trained successfully with accuracy: 1.00
2025-03-19 23:22:23,915 INFO Model signals applied successfully.
2025-03-19 23:22:23,919 INFO Consensus signal generated successfully.
2025-03-19 23:22:23,934 INFO Backtesting completed successfully.
2025-03-19 23:22:23,939 INFO Rule-Based Signal Accuracy: 1.00
2025-03-19 23:22:23,940 INFO Model-Based Signal Accuracy: 1.00
2025-03-19 23:22:23,941 INFO Rule-based accuracy: 1.00, Model accuracy: 1.00
2025-03-19 23:22:33,392 INFO Buy/Sell signals plotted for ['AAPL']
2025-03-19 23:22:34,381 INFO Backtesting balance plotted for ['AAPL']
2025-03-19 23:22:34,384 INFO Training forecasting model (LSTM)...
2025-03-19 23:22:36,437 INFO LSTM Epoch 0/50, Loss: 0.3075881004333496
2025-03-19 23:22:36,459 INFO LSTM Epoch 10/50, Loss: 0.2586916983127594
2025-03-19 23:22:36,478 INFO LSTM Epoch 20/50, Loss: 0.21367372572422028
2025-03-19 23:22:36,493 INFO LSTM Epoch 30/50, Loss: 0.17124174535274506
2025-03-19 23:22:36,509 INFO LSTM Epoch 40/50, Loss: 0.13233236968517303
2025-03-19 23:22:36,526 INFO Running forecasting model (LSTM)...
2025-03-19 23:22:36,534 INFO LSTM Epoch 0/50, Loss: 0.3132990896701813
2025-03-19 23:22:36,550 INFO LSTM Epoch 10/50, Loss: 0.2707022428512573
2025-03-19 23:22:36,567 INFO LSTM Epoch 20/50, Loss: 0.23372229933738708
2025-03-19 23:22:36,583 INFO LSTM Epoch 30/50, Loss: 0.19908851385116577
2025-03-19 23:22:36,599 INFO LSTM Epoch 40/50, Loss: 0.16496121883392334
2025-03-19 23:22:36,621 INFO LSTM forecasting completed successfully.
2025-03-19 23:22:36,622 INFO Training forecasting model (GRU)...
2025-03-19 23:22:36,631 INFO GRU Epoch 0/50, Loss: 0.30170291662216187
2025-03-19 23:22:36,649 INFO GRU Epoch 10/50, Loss: 0.22776508331298828
2025-03-19 23:22:36,666 INFO GRU Epoch 20/50, Loss: 0.16727706789970398
2025-03-19 23:22:36,681 INFO GRU Epoch 30/50, Loss: 0.12000635266304016
2025-03-19 23:22:36,695 INFO GRU Epoch 40/50, Loss: 0.08724753558635712
2025-03-19 23:22:36,711 INFO Running forecasting model (GRU)...
2025-03-19 23:22:36,719 INFO GRU Epoch 0/50, Loss: 0.27214306592941284
2025-03-19 23:22:36,733 INFO GRU Epoch 10/50, Loss: 0.20937274396419525
2025-03-19 23:22:36,749 INFO GRU Epoch 20/50, Loss: 0.157377228140831
2025-03-19 23:22:36,776 INFO GRU Epoch 30/50, Loss: 0.11551108956336975
2025-03-19 23:22:36,803 INFO GRU Epoch 40/50, Loss: 0.08558600395917892
2025-03-19 23:22:36,818 INFO GRU forecasting completed successfully.
2025-03-19 23:22:36,826 INFO Training forecasting model (ARIMA)...
2025-03-19 23:22:36,907 INFO ARIMA model trained successfully.
2025-03-19 23:22:36,909 INFO Running forecasting model (ARIMA)...
2025-03-19 23:22:36,954 INFO ARIMA model trained successfully.
2025-03-19 23:22:36,959 INFO ARIMA forecasting completed successfully.
2025-03-19 23:22:36,960 INFO Training forecasting model (HoltWinters)...
2025-03-19 23:22:37,036 INFO Holt–Winters model trained successfully.
2025-03-19 23:22:37,037 INFO Running forecasting model (HoltWinters)...
2025-03-19 23:22:37,084 INFO Holt–Winters model trained successfully.
2025-03-19 23:22:37,087 INFO HoltWinters forecasting completed successfully.
2025-03-19 23:22:37,088 INFO Training forecasting model (LinearRegression)...
2025-03-19 23:22:37,090 INFO Linear Regression model trained successfully.
2025-03-19 23:22:37,091 INFO Running forecasting model (LinearRegression)...
2025-03-19 23:22:37,093 INFO Linear Regression model trained successfully.
2025-03-19 23:22:37,095 INFO LinearRegression forecasting completed successfully.
2025-03-19 23:22:37,096 ERROR Error in risk management: 'volume'
2025-03-19 23:22:37,099 INFO Resistance levels (window=20) calculated successfully.
2025-03-19 23:22:37,102 INFO Support levels (window=20) calculated successfully.
2025-03-19 23:22:37,105 INFO Volatility (window=20) calculated successfully.
2025-03-19 23:22:37,108 INFO Volume moving average (window=20) calculated successfully.
2025-03-19 23:22:37,109 WARNING Data for AAPL is missing. Skipping.
2025-03-19 23:22:37,110 WARNING Data for AAPL is missing. Skipping.
2025-03-19 23:22:37,111 INFO Stock screening results: {'short_term': {}, 'long_term': {}}
2025-03-19 23:22:37,112 INFO Generating trade execution report...
2025-03-19 23:22:37,851 ERROR Error plotting forecasts for AAPL: -1
2025-03-19 23:23:47,339 INFO Starting trading pipeline...
2025-03-19 23:23:47,340 INFO Fetching data for ['AAPL'] from 2022-01-01 to 2022-12-31...
2025-03-19 23:23:47,665 INFO Data loaded successfully from Yahoo Finance for ['AAPL'] from 2022-01-01 to 2022-12-31
2025-03-19 23:23:47,666 INFO           Date       Close        High         Low        Open     Volume
0   2022-01-03  178.879913  179.734962  174.653874  174.771805  104487900
1   2022-01-04  176.609634  179.793920  176.039607  179.489254   99310400
2   2022-01-05  171.911819  177.071533  171.636636  176.521166   94537600
3   2022-01-06  169.042084  172.285336  168.688274  169.730043   96904000
4   2022-01-07  169.209122  171.145244  168.088727  169.916741   86709100
..         ...         ...         ...         ...         ...        ...
246 2022-12-23  130.344467  130.898028  128.149982  129.415269   63814900
247 2022-12-27  128.535553  129.899697  127.240611  129.870043   69007800
248 2022-12-28  124.591385  129.524031  124.423341  128.179661   85438400
249 2022-12-29  128.120331  128.980327  126.261941  126.518948   75703700
250 2022-12-30  128.436661  128.456435  125.965402  126.934142   77034200

[251 rows x 6 columns]
2025-03-19 23:23:47,674 INFO No missing values found.
2025-03-19 23:23:47,677 INFO No duplicate rows found.
2025-03-19 23:23:47,678 INFO Data types:
Date      datetime64[ns]
Close            float64
High             float64
Low              float64
Open             float64
Volume             int64
dtype: object
2025-03-19 23:23:47,694 INFO Data statistical summary:
                                Date       Close        High         Low        Open        Volume
count                            251  251.000000  251.000000  251.000000  251.000000  2.510000e+02
mean   2022-07-02 15:23:39.920318720  152.607556  154.650547  150.494617  152.575787  8.791038e+07
min              2022-01-03 00:00:00  124.591385  128.456435  124.423341  126.518948  3.519590e+07
25%              2022-04-02 12:00:00  142.799408  144.964520  140.376154  142.454336  7.229740e+07
50%              2022-07-05 00:00:00  151.855789  153.570566  149.736958  151.776943  8.373720e+07
75%              2022-10-01 12:00:00  163.372032  165.754608  161.384457  163.704368  9.693705e+07
max              2022-12-30 00:00:00  178.879913  179.793920  176.039607  179.489254  1.826020e+08
std                              NaN   12.697923   12.575341   12.753980   12.705787  2.365699e+07
2025-03-19 23:23:47,699 WARNING Outliers found:
Date       0
Close      0
High       0
Low        0
Open       0
Volume    14
dtype: int64
2025-03-19 23:23:47,700 INFO Calculating technical indicators...
2025-03-19 23:23:47,704 INFO Relative Strength Index (window=14) calculated successfully as RSI.
2025-03-19 23:23:47,706 INFO MACD (slow=26, fast=12, sign=9) calculated successfully.
2025-03-19 23:23:47,710 INFO Average True Range (window=14) calculated successfully.
2025-03-19 23:23:47,712 INFO Bollinger Bands (window=20, std_dev=2) calculated successfully.
2025-03-19 23:23:47,714 INFO Moving Average (window=20) calculated successfully.
2025-03-19 23:23:47,715 INFO Exponential Moving Average (window=20) calculated successfully.
2025-03-19 23:23:47,717 INFO Generating rule-based signals...
2025-03-19 23:23:47,719 INFO Rule-based signals generated successfully.
2025-03-19 23:23:47,721 INFO Columns after signal generation: ['Date', 'Close', 'High', 'Low', 'Open', 'Volume', 'RSI', 'MACD', 'MACD_Signal', 'MACD_Hist', 'ATR', 'BB_High', 'BB_Low', 'BB_Mid', 'MA_20', 'EMA_20', 'Rule_Signal', 'Signal']
2025-03-19 23:23:47,722 INFO Applying feature engineering (creating lagged features)...
2025-03-19 23:23:47,724 INFO Higher Highs and Lower Lows identified successfully.
2025-03-19 23:23:47,726 INFO Double Top pattern identified successfully.
2025-03-19 23:23:47,728 INFO Head and Shoulders pattern identified successfully.
2025-03-19 23:23:47,730 INFO Triple Bottom pattern identified successfully.
2025-03-19 23:23:47,732 INFO Cup and Handle pattern identified successfully.
2025-03-19 23:23:47,736 INFO Bullish Engulfing pattern identified successfully.
2025-03-19 23:23:47,737 INFO Bearish Engulfing pattern identified successfully.
2025-03-19 23:23:47,739 INFO Morning Star pattern identified successfully.
2025-03-19 23:23:47,742 INFO Evening Star pattern identified successfully.
2025-03-19 23:23:47,743 INFO Hammer pattern identified successfully.
2025-03-19 23:23:47,745 INFO Shooting Star pattern identified successfully.
2025-03-19 23:23:47,749 INFO RSI Divergence identified successfully.
2025-03-19 23:23:47,751 INFO Bollinger Band Squeeze identified successfully.
2025-03-19 23:23:47,754 INFO Moving Average Crossover identified successfully.
2025-03-19 23:23:47,761 INFO ADX Trend Strength identified successfully.
2025-03-19 23:23:47,763 INFO Stochastic Oscillator identified successfully.
2025-03-19 23:23:47,765 INFO Pennant pattern identified successfully.
2025-03-19 23:23:47,767 INFO Flag pattern identified successfully.
2025-03-19 23:23:47,769 INFO Wedge pattern identified successfully.
2025-03-19 23:23:47,776 INFO Triangle pattern identified successfully.
2025-03-19 23:23:47,778 INFO Patterns added successfully.
2025-03-19 23:23:47,779 INFO Moving Average (window=20) calculated successfully.
2025-03-19 23:23:47,781 INFO Exponential Moving Average (window=20) calculated successfully.
2025-03-19 23:23:47,785 INFO Relative Strength Index (window=14) calculated successfully as RSI.
2025-03-19 23:23:47,788 INFO Bollinger Bands (window=20, std_dev=2) calculated successfully.
2025-03-19 23:23:47,789 INFO MACD (slow=26, fast=12, sign=9) calculated successfully.
2025-03-19 23:23:47,792 INFO Average True Range (window=14) calculated successfully.
2025-03-19 23:23:47,794 INFO Stochastic Oscillator (window=14, smooth_window=3) calculated successfully.
2025-03-19 23:23:47,798 INFO Commodity Channel Index (window=20) calculated successfully.
2025-03-19 23:23:47,802 INFO Ichimoku Cloud (window1=9, window2=26, window3=52) calculated successfully.
2025-03-19 23:23:47,804 INFO Aroon Indicator (window=25) calculated successfully.
2025-03-19 23:23:47,829 INFO Parabolic SAR (acceleration=0.02, maximum=0.2) calculated successfully.
2025-03-19 23:23:47,831 INFO Volume Weighted Average Price (window=14) calculated successfully.
2025-03-19 23:23:47,833 INFO On-Balance Volume calculated successfully.
2025-03-19 23:23:47,838 INFO Money Flow Index (window=14) calculated successfully.
2025-03-19 23:23:47,840 INFO Chaikin Money Flow (window=20) calculated successfully.
2025-03-19 23:23:47,842 INFO Ease of Movement (window=14) calculated successfully.
2025-03-19 23:23:47,844 INFO Accumulation/Distribution Index calculated successfully.
2025-03-19 23:23:47,848 INFO Ultimate Oscillator (short_window=7, long_window=14) calculated successfully.
2025-03-19 23:23:47,850 INFO Indicators added successfully.
2025-03-19 23:23:47,852 INFO Missing values handled successfully.
2025-03-19 23:23:47,867 INFO Lagged features created successfully.
2025-03-19 23:23:47,875 INFO Data normalised successfully.
2025-03-19 23:23:47,880 INFO Feature engineering completed successfully.
2025-03-19 23:23:47,881 INFO Training model on engineered data...
2025-03-19 23:23:47,974 INFO Model trained successfully with accuracy: 1.00
2025-03-19 23:23:47,989 INFO Model signals applied successfully.
2025-03-19 23:23:47,992 INFO Consensus signal generated successfully.
2025-03-19 23:23:48,007 INFO Backtesting completed successfully.
2025-03-19 23:23:48,011 INFO Rule-Based Signal Accuracy: 1.00
2025-03-19 23:23:48,012 INFO Model-Based Signal Accuracy: 1.00
2025-03-19 23:23:48,013 INFO Rule-based accuracy: 1.00, Model accuracy: 1.00
2025-03-19 23:23:51,735 INFO Buy/Sell signals plotted for ['AAPL']
2025-03-19 23:23:52,539 INFO Backtesting balance plotted for ['AAPL']
2025-03-19 23:23:52,542 INFO Training forecasting model (LSTM)...
2025-03-19 23:23:53,889 INFO LSTM Epoch 0/50, Loss: 0.46538180112838745
2025-03-19 23:23:53,910 INFO LSTM Epoch 10/50, Loss: 0.40049222111701965
2025-03-19 23:23:53,929 INFO LSTM Epoch 20/50, Loss: 0.34049662947654724
2025-03-19 23:23:53,948 INFO LSTM Epoch 30/50, Loss: 0.28327009081840515
2025-03-19 23:23:53,967 INFO LSTM Epoch 40/50, Loss: 0.22799228131771088
2025-03-19 23:23:53,985 INFO Running forecasting model (LSTM)...
2025-03-19 23:23:53,993 INFO LSTM Epoch 0/50, Loss: 0.33704620599746704
2025-03-19 23:23:54,012 INFO LSTM Epoch 10/50, Loss: 0.2826995849609375
2025-03-19 23:23:54,029 INFO LSTM Epoch 20/50, Loss: 0.23069524765014648
2025-03-19 23:23:54,047 INFO LSTM Epoch 30/50, Loss: 0.18084922432899475
2025-03-19 23:23:54,062 INFO LSTM Epoch 40/50, Loss: 0.1355319768190384
2025-03-19 23:23:54,079 INFO LSTM forecasting completed successfully.
2025-03-19 23:23:54,080 INFO Training forecasting model (GRU)...
2025-03-19 23:23:54,088 INFO GRU Epoch 0/50, Loss: 0.3618921935558319
2025-03-19 23:23:54,103 INFO GRU Epoch 10/50, Loss: 0.28750503063201904
2025-03-19 23:23:54,121 INFO GRU Epoch 20/50, Loss: 0.22304286062717438
2025-03-19 23:23:54,136 INFO GRU Epoch 30/50, Loss: 0.16636595129966736
2025-03-19 23:23:54,154 INFO GRU Epoch 40/50, Loss: 0.11918725073337555
2025-03-19 23:23:54,168 INFO Running forecasting model (GRU)...
2025-03-19 23:23:54,175 INFO GRU Epoch 0/50, Loss: 0.4887351095676422
2025-03-19 23:23:54,190 INFO GRU Epoch 10/50, Loss: 0.39507338404655457
2025-03-19 23:23:54,204 INFO GRU Epoch 20/50, Loss: 0.3106916546821594
2025-03-19 23:23:54,218 INFO GRU Epoch 30/50, Loss: 0.2342286854982376
2025-03-19 23:23:54,231 INFO GRU Epoch 40/50, Loss: 0.16747134923934937
2025-03-19 23:23:54,246 INFO GRU forecasting completed successfully.
2025-03-19 23:23:54,247 INFO Training forecasting model (ARIMA)...
2025-03-19 23:23:54,321 INFO ARIMA model trained successfully.
2025-03-19 23:23:54,322 INFO Running forecasting model (ARIMA)...
2025-03-19 23:23:54,369 INFO ARIMA model trained successfully.
2025-03-19 23:23:54,374 INFO ARIMA forecasting completed successfully.
2025-03-19 23:23:54,374 INFO Training forecasting model (HoltWinters)...
2025-03-19 23:23:54,445 INFO Holt–Winters model trained successfully.
2025-03-19 23:23:54,447 INFO Running forecasting model (HoltWinters)...
2025-03-19 23:23:54,493 INFO Holt–Winters model trained successfully.
2025-03-19 23:23:54,498 INFO HoltWinters forecasting completed successfully.
2025-03-19 23:23:54,499 INFO Training forecasting model (LinearRegression)...
2025-03-19 23:23:54,501 INFO Linear Regression model trained successfully.
2025-03-19 23:23:54,502 INFO Running forecasting model (LinearRegression)...
2025-03-19 23:23:54,506 INFO Linear Regression model trained successfully.
2025-03-19 23:23:54,508 INFO LinearRegression forecasting completed successfully.
2025-03-19 23:23:54,509 ERROR Error in risk management: -1
2025-03-19 23:23:54,512 INFO Resistance levels (window=20) calculated successfully.
2025-03-19 23:23:54,516 INFO Support levels (window=20) calculated successfully.
2025-03-19 23:23:54,519 INFO Volatility (window=20) calculated successfully.
2025-03-19 23:23:54,522 INFO Volume moving average (window=20) calculated successfully.
2025-03-19 23:23:54,523 WARNING Data for AAPL is missing. Skipping.
2025-03-19 23:23:54,524 WARNING Data for AAPL is missing. Skipping.
2025-03-19 23:23:54,527 INFO Stock screening results: {'short_term': {}, 'long_term': {}}
2025-03-19 23:23:54,527 INFO Generating trade execution report...
2025-03-19 23:23:55,256 ERROR Error plotting forecasts for AAPL: -1
2025-03-19 23:28:51,700 INFO Starting real-time simulation...
2025-03-19 23:29:16,351 INFO Starting real-time simulation...
2025-03-19 23:29:16,352 INFO Fetching minute-level data for AAPL from 2025-03-12 to 2025-03-19...
2025-03-19 23:30:30,427 INFO Starting real-time simulation...
2025-03-19 23:30:30,431 INFO Fetching minute-level data for AAPL from 2025-03-12 to 2025-03-19...
2025-03-19 23:30:30,824 INFO Data loaded successfully from Yahoo Finance for ['AAPL'] from 2025-03-12 to 2025-03-19
2025-03-19 23:30:30,825 INFO                       Datetime       Close        High         Low        Open   Volume
0    2025-03-12 13:30:00+00:00  219.845001  220.500000  219.270004  220.179993  2408308
1    2025-03-12 13:31:00+00:00  219.639999  220.330002  219.559998  219.760101   294864
2    2025-03-12 13:32:00+00:00  219.970001  220.244995  219.600006  219.600006   325135
3    2025-03-12 13:33:00+00:00  220.164993  220.490005  219.970001  219.970001   388722
4    2025-03-12 13:34:00+00:00  220.436493  221.289993  220.130005  220.179993   523147
...                        ...         ...         ...         ...         ...      ...
1928 2025-03-18 19:55:00+00:00  212.580002  212.695007  212.470001  212.675003   266477
1929 2025-03-18 19:56:00+00:00  212.682999  212.750000  212.574997  212.600006   199131
1930 2025-03-18 19:57:00+00:00  212.755005  212.839996  212.649994  212.684998   277318
1931 2025-03-18 19:58:00+00:00  212.850006  212.889008  212.744995  212.755005   298577
1932 2025-03-18 19:59:00+00:00  212.789993  212.839996  212.690002  212.839996   928717

[1933 rows x 6 columns]
2025-03-19 23:30:30,840 INFO Processing data at 0...
2025-03-19 23:30:30,842 INFO No missing values found.
2025-03-19 23:30:30,845 INFO No duplicate rows found.
2025-03-19 23:30:30,847 INFO Data types:
Datetime    datetime64[ns, UTC]
Close                   float64
High                    float64
Low                     float64
Open                    float64
Volume                    int64
dtype: object
2025-03-19 23:30:30,857 INFO Data statistical summary:
            Close   High         Low        Open     Volume
count    1.000000    1.0    1.000000    1.000000        1.0
mean   219.845001  220.5  219.270004  220.179993  2408308.0
std           NaN    NaN         NaN         NaN        NaN
min    219.845001  220.5  219.270004  220.179993  2408308.0
25%    219.845001  220.5  219.270004  220.179993  2408308.0
50%    219.845001  220.5  219.270004  220.179993  2408308.0
75%    219.845001  220.5  219.270004  220.179993  2408308.0
max    219.845001  220.5  219.270004  220.179993  2408308.0
2025-03-19 23:30:30,861 INFO No outliers found.
2025-03-19 23:30:30,863 INFO Relative Strength Index (window=14) calculated successfully as RSI.
2025-03-19 23:30:30,866 INFO MACD (slow=26, fast=12, sign=9) calculated successfully.
2025-03-19 23:30:30,868 ERROR Error calculating Average True Range: index 13 is out of bounds for axis 0 with size 1
2025-03-19 23:34:51,062 INFO Starting real-time simulation...
2025-03-19 23:34:51,063 INFO Fetching minute-level data for AAPL from 2025-03-12 to 2025-03-19...
2025-03-19 23:34:51,449 INFO Data loaded successfully from Yahoo Finance for ['AAPL'] from 2025-03-12 to 2025-03-19
2025-03-19 23:34:51,450 INFO                       Datetime       Close        High         Low        Open   Volume
0    2025-03-12 13:30:00+00:00  219.845001  220.500000  219.270004  220.179993  2408308
1    2025-03-12 13:31:00+00:00  219.639999  220.330002  219.559998  219.760101   294864
2    2025-03-12 13:32:00+00:00  219.970001  220.244995  219.600006  219.600006   325135
3    2025-03-12 13:33:00+00:00  220.164993  220.490005  219.970001  219.970001   388722
4    2025-03-12 13:34:00+00:00  220.436493  221.289993  220.130005  220.179993   523147
...                        ...         ...         ...         ...         ...      ...
1928 2025-03-18 19:55:00+00:00  212.580002  212.695007  212.470001  212.675003   266477
1929 2025-03-18 19:56:00+00:00  212.682999  212.750000  212.574997  212.600006   199131
1930 2025-03-18 19:57:00+00:00  212.755005  212.839996  212.649994  212.684998   277318
1931 2025-03-18 19:58:00+00:00  212.850006  212.889008  212.744995  212.755005   298577
1932 2025-03-18 19:59:00+00:00  212.789993  212.839996  212.690002  212.839996   928717

[1933 rows x 6 columns]
2025-03-19 23:34:51,462 INFO Processing data at 0...
2025-03-19 23:34:51,464 INFO No missing values found.
2025-03-19 23:34:51,466 INFO No duplicate rows found.
2025-03-19 23:34:51,467 INFO Data types:
Datetime    datetime64[ns, UTC]
Close                   float64
High                    float64
Low                     float64
Open                    float64
Volume                    int64
dtype: object
2025-03-19 23:34:51,478 INFO Data statistical summary:
            Close   High         Low        Open     Volume
count    1.000000    1.0    1.000000    1.000000        1.0
mean   219.845001  220.5  219.270004  220.179993  2408308.0
std           NaN    NaN         NaN         NaN        NaN
min    219.845001  220.5  219.270004  220.179993  2408308.0
25%    219.845001  220.5  219.270004  220.179993  2408308.0
50%    219.845001  220.5  219.270004  220.179993  2408308.0
75%    219.845001  220.5  219.270004  220.179993  2408308.0
max    219.845001  220.5  219.270004  220.179993  2408308.0
2025-03-19 23:34:51,486 INFO No outliers found.
2025-03-19 23:34:51,489 INFO Relative Strength Index (window=14) calculated successfully as RSI.
2025-03-19 23:34:51,492 INFO MACD (slow=26, fast=12, sign=9) calculated successfully.
2025-03-19 23:34:51,492 WARNING Adjusted ATR window from 14 to 1 due to limited data points
2025-03-19 23:34:51,495 INFO ATR calculated successfully.
2025-03-19 23:34:51,497 INFO Bollinger Bands (window=20, std_dev=2) calculated successfully.
2025-03-19 23:34:51,499 INFO Moving Average (window=20) calculated successfully.
2025-03-19 23:34:51,500 INFO Exponential Moving Average (window=20) calculated successfully.
2025-03-19 23:34:51,502 INFO Rule-based signals generated successfully.
2025-03-19 23:34:51,506 INFO Higher Highs and Lower Lows identified successfully.
2025-03-19 23:34:51,508 INFO Double Top pattern identified successfully.
2025-03-19 23:34:51,510 INFO Head and Shoulders pattern identified successfully.
2025-03-19 23:34:51,512 INFO Triple Bottom pattern identified successfully.
2025-03-19 23:34:51,513 INFO Cup and Handle pattern identified successfully.
2025-03-19 23:34:51,516 INFO Bullish Engulfing pattern identified successfully.
2025-03-19 23:34:51,518 INFO Bearish Engulfing pattern identified successfully.
2025-03-19 23:34:51,520 INFO Morning Star pattern identified successfully.
2025-03-19 23:34:51,522 INFO Evening Star pattern identified successfully.
2025-03-19 23:34:51,524 INFO Hammer pattern identified successfully.
2025-03-19 23:34:51,526 INFO Shooting Star pattern identified successfully.
2025-03-19 23:34:51,529 INFO RSI Divergence identified successfully.
2025-03-19 23:34:51,531 INFO Bollinger Band Squeeze identified successfully.
2025-03-19 23:34:51,534 INFO Moving Average Crossover identified successfully.
2025-03-19 23:34:51,537 ERROR Error identifying ADX Trend Strength: negative dimensions are not allowed
2025-03-19 23:34:51,538 ERROR Error adding patterns: negative dimensions are not allowed
2025-03-19 23:34:51,540 ERROR Error in feature engineering: negative dimensions are not allowed
